install_date,year,quarter,month,month_name,day_of_month,year_quarter,year_month
2012-03-29,2012,1,3,March,29,2012-Q1,2012-03
2018-02-16,2018,1,2,February,16,2018-Q1,2018-02
2018-06-07,2018,2,6,June,7,2018-Q2,2018-06
2007-11-22,2007,4,11,November,22,2007-Q4,2007-11
2017-07-18,2017,3,7,July,18,2017-Q3,2017-07
2016-11-24,2016,4,11,November,24,2016-Q4,2016-11
2015-10-22,2015,4,10,October,22,2015-Q4,2015-10
2017-09-13,2017,3,9,September,13,2017-Q3,2017-09
2018-03-28,2018,1,3,March,28,2018-Q1,2018-03
2017-05-01,2017,2,5,May,1,2017-Q2,2017-05
2011-06-12,2011,2,6,June,12,2011-Q2,2011-06
2007-10-08,2007,4,10,October,8,2007-Q4,2007-10
2012-02-28,2012,1,2,February,28,2012-Q1,2012-02
2010-03-31,2010,1,3,March,31,2010-Q1,2010-03
2012-03-28,2012,1,3,March,28,2012-Q1,2012-03
2015-06-01,2015,2,6,June,1,2015-Q2,2015-06
2017-09-06,2017,3,9,September,6,2017-Q3,2017-09
2018-11-28,2018,4,11,November,28,2018-Q4,2018-11
2018-03-12,2018,1,3,March,12,2018-Q1,2018-03
2012-06-20,2012,2,6,June,20,2012-Q2,2012-06
2018-06-13,2018,2,6,June,13,2018-Q2,2018-06
2019-03-26,2019,1,3,March,26,2019-Q1,2019-03
2010-06-24,2010,2,6,June,24,2010-Q2,2010-06
2004-11-19,2004,4,11,November,19,2004-Q4,2004-11
2016-08-22,2016,3,8,August,22,2016-Q3,2016-08
2019-03-27,2019,1,3,March,27,2019-Q1,2019-03
2019-04-17,2019,2,4,April,17,2019-Q2,2019-04
2019-05-28,2019,2,5,May,28,2019-Q2,2019-05
2013-08-11,2013,3,8,August,11,2013-Q3,2013-08
2010-12-17,2010,4,12,December,17,2010-Q4,2010-12
2008-04-14,2008,2,4,April,14,2008-Q2,2008-04
2009-07-05,2009,3,7,July,5,2009-Q3,2009-07
2006-03-31,2006,1,3,March,31,2006-Q1,2006-03
2009-05-10,2009,2,5,May,10,2009-Q2,2009-05
2009-10-30,2009,4,10,October,30,2009-Q4,2009-10
2019-05-29,2019,2,5,May,29,2019-Q2,2019-05
2009-09-06,2009,3,9,September,6,2009-Q3,2009-09
2011-10-28,2011,4,10,October,28,2011-Q4,2011-10
2019-03-31,2019,1,3,March,31,2019-Q1,2019-03
2010-04-26,2010,2,4,April,26,2010-Q2,2010-04
2019-04-07,2019,2,4,April,7,2019-Q2,2019-04
2019-07-23,2019,3,7,July,23,2019-Q3,2019-07
2008-08-20,2008,3,8,August,20,2008-Q3,2008-08
2005-07-25,2005,3,7,July,25,2005-Q3,2005-07
2019-07-08,2019,3,7,July,8,2019-Q3,2019-07
2017-08-02,2017,3,8,August,2,2017-Q3,2017-08
2015-01-19,2015,1,1,January,19,2015-Q1,2015-01
2015-07-17,2015,3,7,July,17,2015-Q3,2015-07
2019-08-31,2019,3,8,August,31,2019-Q3,2019-08
2005-12-04,2005,4,12,December,4,2005-Q4,2005-12
2018-03-23,2018,1,3,March,23,2018-Q1,2018-03
2016-09-26,2016,3,9,September,26,2016-Q3,2016-09
2010-02-23,2010,1,2,February,23,2010-Q1,2010-02
2019-09-10,2019,3,9,September,10,2019-Q3,2019-09
2007-04-25,2007,2,4,April,25,2007-Q2,2007-04
2019-10-31,2019,4,10,October,31,2019-Q4,2019-10
2012-09-27,2012,3,9,September,27,2012-Q3,2012-09
2015-10-29,2015,4,10,October,29,2015-Q4,2015-10
2019-07-11,2019,3,7,July,11,2019-Q3,2019-07
2001-12-28,2001,4,12,December,28,2001-Q4,2001-12
2019-11-21,2019,4,11,November,21,2019-Q4,2019-11
2010-06-20,2010,2,6,June,20,2010-Q2,2010-06
2019-12-16,2019,4,12,December,16,2019-Q4,2019-12
2007-07-31,2007,3,7,July,31,2007-Q3,2007-07
2009-09-11,2009,3,9,September,11,2009-Q3,2009-09
2014-07-18,2014,3,7,July,18,2014-Q3,2014-07
2010-06-14,2010,2,6,June,14,2010-Q2,2010-06
2020-01-14,2020,1,1,January,14,2020-Q1,2020-01
2020-01-16,2020,1,1,January,16,2020-Q1,2020-01
2012-09-03,2012,3,9,September,3,2012-Q3,2012-09
2014-10-28,2014,4,10,October,28,2014-Q4,2014-10
2020-12-02,2020,4,12,December,2,2020-Q4,2020-12
2003-09-19,2003,3,9,September,19,2003-Q3,2003-09
2020-02-26,2020,1,2,February,26,2020-Q1,2020-02
2013-08-23,2013,3,8,August,23,2013-Q3,2013-08
2020-07-03,2020,3,7,July,3,2020-Q3,2020-07
2006-10-20,2006,4,10,October,20,2006-Q4,2006-10
2000-01-14,2000,1,1,January,14,2000-Q1,2000-01
2020-09-04,2020,3,9,September,4,2020-Q3,2020-09
2020-09-15,2020,3,9,September,15,2020-Q3,2020-09
2020-04-28,2020,2,4,April,28,2020-Q2,2020-04
2011-08-22,2011,3,8,August,22,2011-Q3,2011-08
2017-08-09,2017,3,8,August,9,2017-Q3,2017-08
2020-06-23,2020,2,6,June,23,2020-Q2,2020-06
2004-08-09,2004,3,8,August,9,2004-Q3,2004-08
2016-02-02,2016,1,2,February,2,2016-Q1,2016-02
2013-03-04,2013,1,3,March,4,2013-Q1,2013-03
2020-07-07,2020,3,7,July,7,2020-Q3,2020-07
2020-03-08,2020,1,3,March,8,2020-Q1,2020-03
2013-07-20,2013,3,7,July,20,2013-Q3,2013-07
1992-06-10,1992,2,6,June,10,1992-Q2,1992-06
2020-10-12,2020,4,10,October,12,2020-Q4,2020-10
2020-12-08,2020,4,12,December,8,2020-Q4,2020-12
2020-10-19,2020,4,10,October,19,2020-Q4,2020-10
2020-11-12,2020,4,11,November,12,2020-Q4,2020-11
2020-12-17,2020,4,12,December,17,2020-Q4,2020-12
2020-12-10,2020,4,12,December,10,2020-Q4,2020-12
2005-07-29,2005,3,7,July,29,2005-Q3,2005-07
2007-11-07,2007,4,11,November,7,2007-Q4,2007-11
2012-08-31,2012,3,8,August,31,2012-Q3,2012-08
2009-10-16,2009,4,10,October,16,2009-Q4,2009-10
2020-10-15,2020,4,10,October,15,2020-Q4,2020-10
2020-10-22,2020,4,10,October,22,2020-Q4,2020-10
2011-07-29,2011,3,7,July,29,2011-Q3,2011-07
2013-09-12,2013,3,9,September,12,2013-Q3,2013-09
2000-11-27,2000,4,11,November,27,2000-Q4,2000-11
2013-09-20,2013,3,9,September,20,2013-Q3,2013-09
2012-01-26,2012,1,1,January,26,2012-Q1,2012-01
2008-12-22,2008,4,12,December,22,2008-Q4,2008-12
2008-12-11,2008,4,12,December,11,2008-Q4,2008-12
2020-07-12,2020,3,7,July,12,2020-Q3,2020-07
2017-09-25,2017,3,9,September,25,2017-Q3,2017-09
2018-08-15,2018,3,8,August,15,2018-Q3,2018-08
2014-08-30,2014,3,8,August,30,2014-Q3,2014-08
2006-08-08,2006,3,8,August,8,2006-Q3,2006-08
2011-11-04,2011,4,11,November,4,2011-Q4,2011-11
2005-10-01,2005,4,10,October,1,2005-Q4,2005-10
2006-11-05,2006,4,11,November,5,2006-Q4,2006-11
2015-04-24,2015,2,4,April,24,2015-Q2,2015-04
1992-01-09,1992,1,1,January,9,1992-Q1,1992-01
1992-07-14,1992,3,7,July,14,1992-Q3,1992-07
2010-04-14,2010,2,4,April,14,2010-Q2,2010-04
2006-06-28,2006,2,6,June,28,2006-Q2,2006-06
2007-05-30,2007,2,5,May,30,2007-Q2,2007-05
2012-09-20,2012,3,9,September,20,2012-Q3,2012-09
2018-04-25,2018,2,4,April,25,2018-Q2,2018-04
2011-03-17,2011,1,3,March,17,2011-Q1,2011-03
2012-03-03,2012,1,3,March,3,2012-Q1,2012-03
2016-02-25,2016,1,2,February,25,2016-Q1,2016-02
2002-03-15,2002,1,3,March,15,2002-Q1,2002-03
2013-06-03,2013,2,6,June,3,2013-Q2,2013-06
2018-07-31,2018,3,7,July,31,2018-Q3,2018-07
2018-11-04,2018,4,11,November,4,2018-Q4,2018-11
2009-11-24,2009,4,11,November,24,2009-Q4,2009-11
2016-07-25,2016,3,7,July,25,2016-Q3,2016-07
2010-08-24,2010,3,8,August,24,2010-Q3,2010-08
2016-03-24,2016,1,3,March,24,2016-Q1,2016-03
2009-07-24,2009,3,7,July,24,2009-Q3,2009-07
2015-02-19,2015,1,2,February,19,2015-Q1,2015-02
2017-05-15,2017,2,5,May,15,2017-Q2,2017-05
2017-10-13,2017,4,10,October,13,2017-Q4,2017-10
2010-09-04,2010,3,9,September,4,2010-Q3,2010-09
2011-06-05,2011,2,6,June,5,2011-Q2,2011-06
2014-09-30,2014,3,9,September,30,2014-Q3,2014-09
2012-04-27,2012,2,4,April,27,2012-Q2,2012-04
2015-04-20,2015,2,4,April,20,2015-Q2,2015-04
2009-04-09,2009,2,4,April,9,2009-Q2,2009-04
2015-03-08,2015,1,3,March,8,2015-Q1,2015-03
2018-04-23,2018,2,4,April,23,2018-Q2,2018-04
2011-09-11,2011,3,9,September,11,2011-Q3,2011-09
2013-09-23,2013,3,9,September,23,2013-Q3,2013-09
2011-04-28,2011,2,4,April,28,2011-Q2,2011-04
2008-10-17,2008,4,10,October,17,2008-Q4,2008-10
2009-11-19,2009,4,11,November,19,2009-Q4,2009-11
2015-06-13,2015,2,6,June,13,2015-Q2,2015-06
2006-07-04,2006,3,7,July,4,2006-Q3,2006-07
2009-04-30,2009,2,4,April,30,2009-Q2,2009-04
2008-09-04,2008,3,9,September,4,2008-Q3,2008-09
2012-09-26,2012,3,9,September,26,2012-Q3,2012-09
2012-06-07,2012,2,6,June,7,2012-Q2,2012-06
2003-10-27,2003,4,10,October,27,2003-Q4,2003-10
2013-07-01,2013,3,7,July,1,2013-Q3,2013-07
2017-03-27,2017,1,3,March,27,2017-Q1,2017-03
2014-12-17,2014,4,12,December,17,2014-Q4,2014-12
2011-10-17,2011,4,10,October,17,2011-Q4,2011-10
2010-06-09,2010,2,6,June,9,2010-Q2,2010-06
2006-11-30,2006,4,11,November,30,2006-Q4,2006-11
2012-08-16,2012,3,8,August,16,2012-Q3,2012-08
2007-07-06,2007,3,7,July,6,2007-Q3,2007-07
2015-11-17,2015,4,11,November,17,2015-Q4,2015-11
2016-01-29,2016,1,1,January,29,2016-Q1,2016-01
2015-10-06,2015,4,10,October,6,2015-Q4,2015-10
2010-04-15,2010,2,4,April,15,2010-Q2,2010-04
2013-04-19,2013,2,4,April,19,2013-Q2,2013-04
1995-07-03,1995,3,7,July,3,1995-Q3,1995-07
2016-07-27,2016,3,7,July,27,2016-Q3,2016-07
2013-08-06,2013,3,8,August,6,2013-Q3,2013-08
1991-03-12,1991,1,3,March,12,1991-Q1,1991-03
1992-04-06,1992,2,4,April,6,1992-Q2,1992-04
2011-10-03,2011,4,10,October,3,2011-Q4,2011-10
2016-10-11,2016,4,10,October,11,2016-Q4,2016-10
2012-05-15,2012,2,5,May,15,2012-Q2,2012-05
2004-05-01,2004,2,5,May,1,2004-Q2,2004-05
2017-12-07,2017,4,12,December,7,2017-Q4,2017-12
2017-01-13,2017,1,1,January,13,2017-Q1,2017-01
2001-10-09,2001,4,10,October,9,2001-Q4,2001-10
2004-09-02,2004,3,9,September,2,2004-Q3,2004-09
1996-09-17,1996,3,9,September,17,1996-Q3,1996-09
2021-12-01,2021,4,12,December,1,2021-Q4,2021-12
2000-07-21,2000,3,7,July,21,2000-Q3,2000-07
2018-06-30,2018,2,6,June,30,2018-Q2,2018-06
2020-12-12,2020,4,12,December,12,2020-Q4,2020-12
2000-08-31,2000,3,8,August,31,2000-Q3,2000-08
2008-03-25,2008,1,3,March,25,2008-Q1,2008-03
2004-05-25,2004,2,5,May,25,2004-Q2,2004-05
2018-05-01,2018,2,5,May,1,2018-Q2,2018-05
2017-03-13,2017,1,3,March,13,2017-Q1,2017-03
2001-02-11,2001,1,2,February,11,2001-Q1,2001-02
2000-07-11,2000,3,7,July,11,2000-Q3,2000-07
2000-07-06,2000,3,7,July,6,2000-Q3,2000-07
1998-06-25,1998,2,6,June,25,1998-Q2,1998-06
2011-08-03,2011,3,8,August,3,2011-Q3,2011-08
2001-12-21,2001,4,12,December,21,2001-Q4,2001-12
2008-12-23,2008,4,12,December,23,2008-Q4,2008-12
2011-05-06,2011,2,5,May,6,2011-Q2,2011-05
2000-04-04,2000,2,4,April,4,2000-Q2,2000-04
2006-09-02,2006,3,9,September,2,2006-Q3,2006-09
2015-05-27,2015,2,5,May,27,2015-Q2,2015-05
1994-11-30,1994,4,11,November,30,1994-Q4,1994-11
2008-05-16,2008,2,5,May,16,2008-Q2,2008-05
2011-07-09,2011,3,7,July,9,2011-Q3,2011-07
2017-05-04,2017,2,5,May,4,2017-Q2,2017-05
2021-02-18,2021,1,2,February,18,2021-Q1,2021-02
2021-02-19,2021,1,2,February,19,2021-Q1,2021-02
2007-05-23,2007,2,5,May,23,2007-Q2,2007-05
2019-05-03,2019,2,5,May,3,2019-Q2,2019-05
2021-01-03,2021,1,1,January,3,2021-Q1,2021-01
2008-07-05,2008,3,7,July,5,2008-Q3,2008-07
2017-09-18,2017,3,9,September,18,2017-Q3,2017-09
2021-01-07,2021,1,1,January,7,2021-Q1,2021-01
2021-03-06,2021,1,3,March,6,2021-Q1,2021-03
2013-11-07,2013,4,11,November,7,2013-Q4,2013-11
2021-08-31,2021,3,8,August,31,2021-Q3,2021-08
2021-11-07,2021,4,11,November,7,2021-Q4,2021-11
2021-10-08,2021,4,10,October,8,2021-Q4,2021-10
2021-08-14,2021,3,8,August,14,2021-Q3,2021-08
2021-08-18,2021,3,8,August,18,2021-Q3,2021-08
2021-08-21,2021,3,8,August,21,2021-Q3,2021-08
2021-12-09,2021,4,12,December,9,2021-Q4,2021-12
2021-08-10,2021,3,8,August,10,2021-Q3,2021-08
2021-10-31,2021,4,10,October,31,2021-Q4,2021-10
2022-01-31,2022,1,1,January,31,2022-Q1,2022-01
2022-01-13,2022,1,1,January,13,2022-Q1,2022-01
2022-03-06,2022,1,3,March,6,2022-Q1,2022-03
2012-08-21,2012,3,8,August,21,2012-Q3,2012-08
1992-09-22,1992,3,9,September,22,1992-Q3,1992-09
2013-05-24,2013,2,5,May,24,2013-Q2,2013-05
2022-01-12,2022,1,1,January,12,2022-Q1,2022-01
2011-09-20,2011,3,9,September,20,2011-Q3,2011-09
2004-05-28,2004,2,5,May,28,2004-Q2,2004-05
2021-11-12,2021,4,11,November,12,2021-Q4,2021-11
2006-06-15,2006,2,6,June,15,2006-Q2,2006-06
2022-03-13,2022,1,3,March,13,2022-Q1,2022-03
2022-01-06,2022,1,1,January,6,2022-Q1,2022-01
2019-04-19,2019,2,4,April,19,2019-Q2,2019-04
2022-02-18,2022,1,2,February,18,2022-Q1,2022-02
2022-02-08,2022,1,2,February,8,2022-Q1,2022-02
2004-10-02,2004,4,10,October,2,2004-Q4,2004-10
2022-02-24,2022,1,2,February,24,2022-Q1,2022-02
2022-05-03,2022,2,5,May,3,2022-Q2,2022-05
2022-04-13,2022,2,4,April,13,2022-Q2,2022-04
1993-12-07,1993,4,12,December,7,1993-Q4,1993-12
2022-03-18,2022,1,3,March,18,2022-Q1,2022-03
2022-10-05,2022,4,10,October,5,2022-Q4,2022-10
2016-06-16,2016,2,6,June,16,2016-Q2,2016-06
2022-05-31,2022,2,5,May,31,2022-Q2,2022-05
2013-02-26,2013,1,2,February,26,2013-Q1,2013-02
2023-01-20,2023,1,1,January,20,2023-Q1,2023-01
2022-04-26,2022,2,4,April,26,2022-Q2,2022-04
2022-10-14,2022,4,10,October,14,2022-Q4,2022-10
2022-07-29,2022,3,7,July,29,2022-Q3,2022-07
2022-06-20,2022,2,6,June,20,2022-Q2,2022-06
2022-07-25,2022,3,7,July,25,2022-Q3,2022-07
2025-05-17,2025,2,5,May,17,2025-Q2,2025-05
2022-06-08,2022,2,6,June,8,2022-Q2,2022-06
2025-01-07,2025,1,1,January,7,2025-Q1,2025-01
2023-06-15,2023,2,6,June,15,2023-Q2,2023-06
2024-12-02,2024,4,12,December,2,2024-Q4,2024-12
2022-08-19,2022,3,8,August,19,2022-Q3,2022-08
2023-11-17,2023,4,11,November,17,2023-Q4,2023-11
2022-08-21,2022,3,8,August,21,2022-Q3,2022-08
2023-01-17,2023,1,1,January,17,2023-Q1,2023-01
2024-08-30,2024,3,8,August,30,2024-Q3,2024-08
2022-10-21,2022,4,10,October,21,2022-Q4,2022-10
2023-03-21,2023,1,3,March,21,2023-Q1,2023-03
2023-10-10,2023,4,10,October,10,2023-Q4,2023-10
2023-11-30,2023,4,11,November,30,2023-Q4,2023-11
2023-10-05,2023,4,10,October,5,2023-Q4,2023-10
2023-01-28,2023,1,1,January,28,2023-Q1,2023-01
2023-01-10,2023,1,1,January,10,2023-Q1,2023-01
2023-05-02,2023,2,5,May,2,2023-Q2,2023-05
2012-06-30,2012,2,6,June,30,2012-Q2,2012-06
2023-09-21,2023,3,9,September,21,2023-Q3,2023-09
2023-08-30,2023,3,8,August,30,2023-Q3,2023-08
2023-04-05,2023,2,4,April,5,2023-Q2,2023-04
2024-02-20,2024,1,2,February,20,2024-Q1,2024-02
2023-09-10,2023,3,9,September,10,2023-Q3,2023-09
2023-10-25,2023,4,10,October,25,2023-Q4,2023-10
2023-02-09,2023,1,2,February,9,2023-Q1,2023-02
2023-07-26,2023,3,7,July,26,2023-Q3,2023-07
2023-12-05,2023,4,12,December,5,2023-Q4,2023-12
2023-11-27,2023,4,11,November,27,2023-Q4,2023-11
2022-05-22,2022,2,5,May,22,2022-Q2,2022-05
2023-08-25,2023,3,8,August,25,2023-Q3,2023-08
2023-03-09,2023,1,3,March,9,2023-Q1,2023-03
2015-07-04,2015,3,7,July,4,2015-Q3,2015-07
2024-03-07,2024,1,3,March,7,2024-Q1,2024-03
2024-09-20,2024,3,9,September,20,2024-Q3,2024-09
2023-12-15,2023,4,12,December,15,2023-Q4,2023-12
2023-11-25,2023,4,11,November,25,2023-Q4,2023-11
2025-01-21,2025,1,1,January,21,2025-Q1,2025-01
2024-10-21,2024,4,10,October,21,2024-Q4,2024-10
2024-01-30,2024,1,1,January,30,2024-Q1,2024-01
2023-12-28,2023,4,12,December,28,2023-Q4,2023-12
2024-04-27,2024,2,4,April,27,2024-Q2,2024-04
2024-03-02,2024,1,3,March,2,2024-Q1,2024-03
2009-12-18,2009,4,12,December,18,2009-Q4,2009-12
2015-12-11,2015,4,12,December,11,2015-Q4,2015-12
2012-03-30,2012,1,3,March,30,2012-Q1,2012-03
2011-03-22,2011,1,3,March,22,2011-Q1,2011-03
2010-08-17,2010,3,8,August,17,2010-Q3,2010-08
2018-10-25,2018,4,10,October,25,2018-Q4,2018-10
2018-11-09,2018,4,11,November,9,2018-Q4,2018-11
2009-11-17,2009,4,11,November,17,2009-Q4,2009-11
2010-10-15,2010,4,10,October,15,2010-Q4,2010-10
2011-12-20,2011,4,12,December,20,2011-Q4,2011-12
2019-01-21,2019,1,1,January,21,2019-Q1,2019-01
2014-03-31,2014,1,3,March,31,2014-Q1,2014-03
2013-06-05,2013,2,6,June,5,2013-Q2,2013-06
2018-04-20,2018,2,4,April,20,2018-Q2,2018-04
2011-10-08,2011,4,10,October,8,2011-Q4,2011-10
2013-04-22,2013,2,4,April,22,2013-Q2,2013-04
2013-08-30,2013,3,8,August,30,2013-Q3,2013-08
2019-01-03,2019,1,1,January,3,2019-Q1,2019-01
2011-01-12,2011,1,1,January,12,2011-Q1,2011-01
2015-01-27,2015,1,1,January,27,2015-Q1,2015-01
2019-04-03,2019,2,4,April,3,2019-Q2,2019-04
2019-12-03,2019,4,12,December,3,2019-Q4,2019-12
2018-11-20,2018,4,11,November,20,2018-Q4,2018-11
2006-10-13,2006,4,10,October,13,2006-Q4,2006-10
2019-08-04,2019,3,8,August,4,2019-Q3,2019-08
2017-04-28,2017,2,4,April,28,2017-Q2,2017-04
2019-03-05,2019,1,3,March,5,2019-Q1,2019-03
2017-10-25,2017,4,10,October,25,2017-Q4,2017-10
2009-05-26,2009,2,5,May,26,2009-Q2,2009-05
2001-06-11,2001,2,6,June,11,2001-Q2,2001-06
2012-09-30,2012,3,9,September,30,2012-Q3,2012-09
2014-08-04,2014,3,8,August,4,2014-Q3,2014-08
2012-12-13,2012,4,12,December,13,2012-Q4,2012-12
2019-06-14,2019,2,6,June,14,2019-Q2,2019-06
2017-09-05,2017,3,9,September,5,2017-Q3,2017-09
2019-04-18,2019,2,4,April,18,2019-Q2,2019-04
2007-12-31,2007,4,12,December,31,2007-Q4,2007-12
2016-01-06,2016,1,1,January,6,2016-Q1,2016-01
2013-06-06,2013,2,6,June,6,2013-Q2,2013-06
2006-12-20,2006,4,12,December,20,2006-Q4,2006-12
2013-12-12,2013,4,12,December,12,2013-Q4,2013-12
2013-04-23,2013,2,4,April,23,2013-Q2,2013-04
2006-09-05,2006,3,9,September,5,2006-Q3,2006-09
2009-12-21,2009,4,12,December,21,2009-Q4,2009-12
2009-12-11,2009,4,12,December,11,2009-Q4,2009-12
2010-04-20,2010,2,4,April,20,2010-Q2,2010-04
2009-06-04,2009,2,6,June,4,2009-Q2,2009-06
2013-08-20,2013,3,8,August,20,2013-Q3,2013-08
2020-02-20,2020,1,2,February,20,2020-Q1,2020-02
2019-09-27,2019,3,9,September,27,2019-Q3,2019-09
2019-06-11,2019,2,6,June,11,2019-Q2,2019-06
2013-10-17,2013,4,10,October,17,2013-Q4,2013-10
2010-12-21,2010,4,12,December,21,2010-Q4,2010-12
2022-11-03,2022,4,11,November,3,2022-Q4,2022-11
2019-03-12,2019,1,3,March,12,2019-Q1,2019-03
2019-06-12,2019,2,6,June,12,2019-Q2,2019-06
2014-08-22,2014,3,8,August,22,2014-Q3,2014-08
2020-08-01,2020,3,8,August,1,2020-Q3,2020-08
2017-04-05,2017,2,4,April,5,2017-Q2,2017-04
2020-01-31,2020,1,1,January,31,2020-Q1,2020-01
2020-02-19,2020,1,2,February,19,2020-Q1,2020-02
2008-12-18,2008,4,12,December,18,2008-Q4,2008-12
2020-03-03,2020,1,3,March,3,2020-Q1,2020-03
2017-04-01,2017,2,4,April,1,2017-Q2,2017-04
2020-03-19,2020,1,3,March,19,2020-Q1,2020-03
2020-08-04,2020,3,8,August,4,2020-Q3,2020-08
2020-03-14,2020,1,3,March,14,2020-Q1,2020-03
2021-11-02,2021,4,11,November,2,2021-Q4,2021-11
2020-03-21,2020,1,3,March,21,2020-Q1,2020-03
2012-11-14,2012,4,11,November,14,2012-Q4,2012-11
2012-09-17,2012,3,9,September,17,2012-Q3,2012-09
2015-03-11,2015,1,3,March,11,2015-Q1,2015-03
2017-03-03,2017,1,3,March,3,2017-Q1,2017-03
2001-12-19,2001,4,12,December,19,2001-Q4,2001-12
2020-07-27,2020,3,7,July,27,2020-Q3,2020-07
2020-09-24,2020,3,9,September,24,2020-Q3,2020-09
2011-12-14,2011,4,12,December,14,2011-Q4,2011-12
2020-08-21,2020,3,8,August,21,2020-Q3,2020-08
2012-06-21,2012,2,6,June,21,2012-Q2,2012-06
2020-01-09,2020,1,1,January,9,2020-Q1,2020-01
1993-04-01,1993,2,4,April,1,1993-Q2,1993-04
2020-07-09,2020,3,7,July,9,2020-Q3,2020-07
2009-04-21,2009,2,4,April,21,2009-Q2,2009-04
2007-12-29,2007,4,12,December,29,2007-Q4,2007-12
1998-01-01,1998,1,1,January,1,1998-Q1,1998-01
1992-08-25,1992,3,8,August,25,1992-Q3,1992-08
2009-11-09,2009,4,11,November,9,2009-Q4,2009-11
2016-10-05,2016,4,10,October,5,2016-Q4,2016-10
2020-11-11,2020,4,11,November,11,2020-Q4,2020-11
2021-07-06,2021,3,7,July,6,2021-Q3,2021-07
2020-11-20,2020,4,11,November,20,2020-Q4,2020-11
2007-12-12,2007,4,12,December,12,2007-Q4,2007-12
2013-11-20,2013,4,11,November,20,2013-Q4,2013-11
2021-04-03,2021,2,4,April,3,2021-Q2,2021-04
2018-11-24,2018,4,11,November,24,2018-Q4,2018-11
2012-06-08,2012,2,6,June,8,2012-Q2,2012-06
2010-06-18,2010,2,6,June,18,2010-Q2,2010-06
2013-06-26,2013,2,6,June,26,2013-Q2,2013-06
2010-02-06,2010,1,2,February,6,2010-Q1,2010-02
2008-05-13,2008,2,5,May,13,2008-Q2,2008-05
2004-11-08,2004,4,11,November,8,2004-Q4,2004-11
2011-10-19,2011,4,10,October,19,2011-Q4,2011-10
2002-06-12,2002,2,6,June,12,2002-Q2,2002-06
2011-05-05,2011,2,5,May,5,2011-Q2,2011-05
2011-01-02,2011,1,1,January,2,2011-Q1,2011-01
2014-01-08,2014,1,1,January,8,2014-Q1,2014-01
2013-01-30,2013,1,1,January,30,2013-Q1,2013-01
2013-05-04,2013,2,5,May,4,2013-Q2,2013-05
2016-04-15,2016,2,4,April,15,2016-Q2,2016-04
2011-05-21,2011,2,5,May,21,2011-Q2,2011-05
2011-03-30,2011,1,3,March,30,2011-Q1,2011-03
2009-11-25,2009,4,11,November,25,2009-Q4,2009-11
2016-11-14,2016,4,11,November,14,2016-Q4,2016-11
2008-05-30,2008,2,5,May,30,2008-Q2,2008-05
2003-01-24,2003,1,1,January,24,2003-Q1,2003-01
2006-09-21,2006,3,9,September,21,2006-Q3,2006-09
2007-10-29,2007,4,10,October,29,2007-Q4,2007-10
2013-11-21,2013,4,11,November,21,2013-Q4,2013-11
2014-07-14,2014,3,7,July,14,2014-Q3,2014-07
2001-02-05,2001,1,2,February,5,2001-Q1,2001-02
1992-07-07,1992,3,7,July,7,1992-Q3,1992-07
2017-02-03,2017,1,2,February,3,2017-Q1,2017-02
2014-01-09,2014,1,1,January,9,2014-Q1,2014-01
2009-02-07,2009,1,2,February,7,2009-Q1,2009-02
2010-04-23,2010,2,4,April,23,2010-Q2,2010-04
2013-04-24,2013,2,4,April,24,2013-Q2,2013-04
2011-07-15,2011,3,7,July,15,2011-Q3,2011-07
2011-11-10,2011,4,11,November,10,2011-Q4,2011-11
2004-09-08,2004,3,9,September,8,2004-Q3,2004-09
2016-01-08,2016,1,1,January,8,2016-Q1,2016-01
2014-10-29,2014,4,10,October,29,2014-Q4,2014-10
2016-08-12,2016,3,8,August,12,2016-Q3,2016-08
2007-12-07,2007,4,12,December,7,2007-Q4,2007-12
2014-03-18,2014,1,3,March,18,2014-Q1,2014-03
2009-07-15,2009,3,7,July,15,2009-Q3,2009-07
2006-12-06,2006,4,12,December,6,2006-Q4,2006-12
2006-09-27,2006,3,9,September,27,2006-Q3,2006-09
2013-04-18,2013,2,4,April,18,2013-Q2,2013-04
2004-12-28,2004,4,12,December,28,2004-Q4,2004-12
2010-11-26,2010,4,11,November,26,2010-Q4,2010-11
2013-01-25,2013,1,1,January,25,2013-Q1,2013-01
2015-07-15,2015,3,7,July,15,2015-Q3,2015-07
2009-02-10,2009,1,2,February,10,2009-Q1,2009-02
2012-04-25,2012,2,4,April,25,2012-Q2,2012-04
2017-10-17,2017,4,10,October,17,2017-Q4,2017-10
2015-10-16,2015,4,10,October,16,2015-Q4,2015-10
2012-06-18,2012,2,6,June,18,2012-Q2,2012-06
2007-06-15,2007,2,6,June,15,2007-Q2,2007-06
2005-01-04,2005,1,1,January,4,2005-Q1,2005-01
2018-06-20,2018,2,6,June,20,2018-Q2,2018-06
2008-07-22,2008,3,7,July,22,2008-Q3,2008-07
2006-09-15,2006,3,9,September,15,2006-Q3,2006-09
2008-03-28,2008,1,3,March,28,2008-Q1,2008-03
2011-11-24,2011,4,11,November,24,2011-Q4,2011-11
2013-07-29,2013,3,7,July,29,2013-Q3,2013-07
2020-11-15,2020,4,11,November,15,2020-Q4,2020-11
2010-07-26,2010,3,7,July,26,2010-Q3,2010-07
2013-11-15,2013,4,11,November,15,2013-Q4,2013-11
1997-06-27,1997,2,6,June,27,1997-Q2,1997-06
2009-12-06,2009,4,12,December,6,2009-Q4,2009-12
2008-08-04,2008,3,8,August,4,2008-Q3,2008-08
1998-07-23,1998,3,7,July,23,1998-Q3,1998-07
2014-06-13,2014,2,6,June,13,2014-Q2,2014-06
2021-02-01,2021,1,2,February,1,2021-Q1,2021-02
2018-06-09,2018,2,6,June,9,2018-Q2,2018-06
1999-03-11,1999,1,3,March,11,1999-Q1,1999-03
2006-12-13,2006,4,12,December,13,2006-Q4,2006-12
2010-03-15,2010,1,3,March,15,2010-Q1,2010-03
2013-11-12,2013,4,11,November,12,2013-Q4,2013-11
2014-03-11,2014,1,3,March,11,2014-Q1,2014-03
1999-12-23,1999,4,12,December,23,1999-Q4,1999-12
2004-01-11,2004,1,1,January,11,2004-Q1,2004-01
2001-09-24,2001,3,9,September,24,2001-Q3,2001-09
2015-10-09,2015,4,10,October,9,2015-Q4,2015-10
2010-04-03,2010,2,4,April,3,2010-Q2,2010-04
2014-05-30,2014,2,5,May,30,2014-Q2,2014-05
1996-04-07,1996,2,4,April,7,1996-Q2,1996-04
2016-11-26,2016,4,11,November,26,2016-Q4,2016-11
2010-03-29,2010,1,3,March,29,2010-Q1,2010-03
2007-01-11,2007,1,1,January,11,2007-Q1,2007-01
2017-03-28,2017,1,3,March,28,2017-Q1,2017-03
2015-01-28,2015,1,1,January,28,2015-Q1,2015-01
2000-06-28,2000,2,6,June,28,2000-Q2,2000-06
2002-12-19,2002,4,12,December,19,2002-Q4,2002-12
2002-11-07,2002,4,11,November,7,2002-Q4,2002-11
2018-03-30,2018,1,3,March,30,2018-Q1,2018-03
2015-10-26,2015,4,10,October,26,2015-Q4,2015-10
2001-08-03,2001,3,8,August,3,2001-Q3,2001-08
2017-10-02,2017,4,10,October,2,2017-Q4,2017-10
2013-10-11,2013,4,10,October,11,2013-Q4,2013-10
2008-08-18,2008,3,8,August,18,2008-Q3,2008-08
1999-08-03,1999,3,8,August,3,1999-Q3,1999-08
2016-04-18,2016,2,4,April,18,2016-Q2,2016-04
1994-10-18,1994,4,10,October,18,1994-Q4,1994-10
2021-11-06,2021,4,11,November,6,2021-Q4,2021-11
2021-03-20,2021,1,3,March,20,2021-Q1,2021-03
2021-06-04,2021,2,6,June,4,2021-Q2,2021-06
2021-04-24,2021,2,4,April,24,2021-Q2,2021-04
2021-04-14,2021,2,4,April,14,2021-Q2,2021-04
2021-04-20,2021,2,4,April,20,2021-Q2,2021-04
2021-05-26,2021,2,5,May,26,2021-Q2,2021-05
2021-07-15,2021,3,7,July,15,2021-Q3,2021-07
2021-10-21,2021,4,10,October,21,2021-Q4,2021-10
2021-12-10,2021,4,12,December,10,2021-Q4,2021-12
2021-02-09,2021,1,2,February,9,2021-Q1,2021-02
2021-09-09,2021,3,9,September,9,2021-Q3,2021-09
2021-09-28,2021,3,9,September,28,2021-Q3,2021-09
2023-04-09,2023,2,4,April,9,2023-Q2,2023-04
2021-11-28,2021,4,11,November,28,2021-Q4,2021-11
2021-10-22,2021,4,10,October,22,2021-Q4,2021-10
2022-07-13,2022,3,7,July,13,2022-Q3,2022-07
2022-12-21,2022,4,12,December,21,2022-Q4,2022-12
2015-06-11,2015,2,6,June,11,2015-Q2,2015-06
2015-06-08,2015,2,6,June,8,2015-Q2,2015-06
2010-11-25,2010,4,11,November,25,2010-Q4,2010-11
2007-10-01,2007,4,10,October,1,2007-Q4,2007-10
2022-06-01,2022,2,6,June,1,2022-Q2,2022-06
2022-05-30,2022,2,5,May,30,2022-Q2,2022-05
2022-03-08,2022,1,3,March,8,2022-Q1,2022-03
2008-06-23,2008,2,6,June,23,2008-Q2,2008-06
2022-01-27,2022,1,1,January,27,2022-Q1,2022-01
2022-02-22,2022,1,2,February,22,2022-Q1,2022-02
2013-12-07,2013,4,12,December,7,2013-Q4,2013-12
2022-02-27,2022,1,2,February,27,2022-Q1,2022-02
2022-02-03,2022,1,2,February,3,2022-Q1,2022-02
2023-11-02,2023,4,11,November,2,2023-Q4,2023-11
2025-07-04,2025,3,7,July,4,2025-Q3,2025-07
2022-04-23,2022,2,4,April,23,2022-Q2,2022-04
2022-05-15,2022,2,5,May,15,2022-Q2,2022-05
2022-08-15,2022,3,8,August,15,2022-Q3,2022-08
2022-08-07,2022,3,8,August,7,2022-Q3,2022-08
2022-06-26,2022,2,6,June,26,2022-Q2,2022-06
2022-06-15,2022,2,6,June,15,2022-Q2,2022-06
2022-08-31,2022,3,8,August,31,2022-Q3,2022-08
2022-06-18,2022,2,6,June,18,2022-Q2,2022-06
2022-08-23,2022,3,8,August,23,2022-Q3,2022-08
2022-09-12,2022,3,9,September,12,2022-Q3,2022-09
2022-07-08,2022,3,7,July,8,2022-Q3,2022-07
2022-10-16,2022,4,10,October,16,2022-Q4,2022-10
2022-12-27,2022,4,12,December,27,2022-Q4,2022-12
2022-12-29,2022,4,12,December,29,2022-Q4,2022-12
2024-01-22,2024,1,1,January,22,2024-Q1,2024-01
2023-05-06,2023,2,5,May,6,2023-Q2,2023-05
2022-12-16,2022,4,12,December,16,2022-Q4,2022-12
2023-12-01,2023,4,12,December,1,2023-Q4,2023-12
1989-02-06,1989,1,2,February,6,1989-Q1,1989-02
2023-11-01,2023,4,11,November,1,2023-Q4,2023-11
2026-01-01,2026,1,1,January,1,2026-Q1,2026-01
2023-11-22,2023,4,11,November,22,2023-Q4,2023-11
2023-03-03,2023,1,3,March,3,2023-Q1,2023-03
2023-12-04,2023,4,12,December,4,2023-Q4,2023-12
2025-01-04,2025,1,1,January,4,2025-Q1,2025-01
2023-10-13,2023,4,10,October,13,2023-Q4,2023-10
2023-08-06,2023,3,8,August,6,2023-Q3,2023-08
2025-03-25,2025,1,3,March,25,2025-Q1,2025-03
2024-10-01,2024,4,10,October,1,2024-Q4,2024-10
2025-10-03,2025,4,10,October,3,2025-Q4,2025-10
2024-05-29,2024,2,5,May,29,2024-Q2,2024-05
2023-08-08,2023,3,8,August,8,2023-Q3,2023-08
2023-04-12,2023,2,4,April,12,2023-Q2,2023-04
2023-07-23,2023,3,7,July,23,2023-Q3,2023-07
2024-02-16,2024,1,2,February,16,2024-Q1,2024-02
2024-06-06,2024,2,6,June,6,2024-Q2,2024-06
2025-08-01,2025,3,8,August,1,2025-Q3,2025-08
2023-12-20,2023,4,12,December,20,2023-Q4,2023-12
2024-06-27,2024,2,6,June,27,2024-Q2,2024-06
2023-10-11,2023,4,10,October,11,2023-Q4,2023-10
2024-04-15,2024,2,4,April,15,2024-Q2,2024-04
2023-11-18,2023,4,11,November,18,2023-Q4,2023-11
2024-10-04,2024,4,10,October,4,2024-Q4,2024-10
2024-02-08,2024,1,2,February,8,2024-Q1,2024-02
2024-01-09,2024,1,1,January,9,2024-Q1,2024-01
2024-04-03,2024,2,4,April,3,2024-Q2,2024-04
2024-01-16,2024,1,1,January,16,2024-Q1,2024-01
2024-06-20,2024,2,6,June,20,2024-Q2,2024-06
2019-01-31,2019,1,1,January,31,2019-Q1,2019-01
2013-05-19,2013,2,5,May,19,2013-Q2,2013-05
2019-01-17,2019,1,1,January,17,2019-Q1,2019-01
2009-03-18,2009,1,3,March,18,2009-Q1,2009-03
2010-12-05,2010,4,12,December,5,2010-Q4,2010-12
2011-02-12,2011,1,2,February,12,2011-Q1,2011-02
2017-05-07,2017,2,5,May,7,2017-Q2,2017-05
2018-11-12,2018,4,11,November,12,2018-Q4,2018-11
2012-06-03,2012,2,6,June,3,2012-Q2,2012-06
2016-08-07,2016,3,8,August,7,2016-Q3,2016-08
2009-03-11,2009,1,3,March,11,2009-Q1,2009-03
2009-12-23,2009,4,12,December,23,2009-Q4,2009-12
2019-02-16,2019,1,2,February,16,2019-Q1,2019-02
2010-09-11,2010,3,9,September,11,2010-Q3,2010-09
2019-10-02,2019,4,10,October,2,2019-Q4,2019-10
2019-03-13,2019,1,3,March,13,2019-Q1,2019-03
2019-02-19,2019,1,2,February,19,2019-Q1,2019-02
2017-12-15,2017,4,12,December,15,2017-Q4,2017-12
2009-06-29,2009,2,6,June,29,2009-Q2,2009-06
2010-07-06,2010,3,7,July,6,2010-Q3,2010-07
2017-06-19,2017,2,6,June,19,2017-Q2,2017-06
2017-04-30,2017,2,4,April,30,2017-Q2,2017-04
2017-10-24,2017,4,10,October,24,2017-Q4,2017-10
2011-09-09,2011,3,9,September,9,2011-Q3,2011-09
2018-10-22,2018,4,10,October,22,2018-Q4,2018-10
2018-06-16,2018,2,6,June,16,2018-Q2,2018-06
2019-01-20,2019,1,1,January,20,2019-Q1,2019-01
2009-08-10,2009,3,8,August,10,2009-Q3,2009-08
2007-12-01,2007,4,12,December,1,2007-Q4,2007-12
2018-10-19,2018,4,10,October,19,2018-Q4,2018-10
2016-02-24,2016,1,2,February,24,2016-Q1,2016-02
2012-11-29,2012,4,11,November,29,2012-Q4,2012-11
2013-08-08,2013,3,8,August,8,2013-Q3,2013-08
2007-08-28,2007,3,8,August,28,2007-Q3,2007-08
2011-09-14,2011,3,9,September,14,2011-Q3,2011-09
2010-01-04,2010,1,1,January,4,2010-Q1,2010-01
2019-06-13,2019,2,6,June,13,2019-Q2,2019-06
2011-08-12,2011,3,8,August,12,2011-Q3,2011-08
2008-10-09,2008,4,10,October,9,2008-Q4,2008-10
2009-10-19,2009,4,10,October,19,2009-Q4,2009-10
2012-07-18,2012,3,7,July,18,2012-Q3,2012-07
2019-07-16,2019,3,7,July,16,2019-Q3,2019-07
2013-07-24,2013,3,7,July,24,2013-Q3,2013-07
2008-08-14,2008,3,8,August,14,2008-Q3,2008-08
2012-01-03,2012,1,1,January,3,2012-Q1,2012-01
2019-10-08,2019,4,10,October,8,2019-Q4,2019-10
2016-04-13,2016,2,4,April,13,2016-Q2,2016-04
2017-01-02,2017,1,1,January,2,2017-Q1,2017-01
2017-08-18,2017,3,8,August,18,2017-Q3,2017-08
2013-12-18,2013,4,12,December,18,2013-Q4,2013-12
2019-04-10,2019,2,4,April,10,2019-Q2,2019-04
2019-11-10,2019,4,11,November,10,2019-Q4,2019-11
2019-11-13,2019,4,11,November,13,2019-Q4,2019-11
2011-10-06,2011,4,10,October,6,2011-Q4,2011-10
2007-07-09,2007,3,7,July,9,2007-Q3,2007-07
1999-11-01,1999,4,11,November,1,1999-Q4,1999-11
2019-11-26,2019,4,11,November,26,2019-Q4,2019-11
2014-03-21,2014,1,3,March,21,2014-Q1,2014-03
2019-10-21,2019,4,10,October,21,2019-Q4,2019-10
2019-11-22,2019,4,11,November,22,2019-Q4,2019-11
2006-07-09,2006,3,7,July,9,2006-Q3,2006-07
2018-05-31,2018,2,5,May,31,2018-Q2,2018-05
2019-09-12,2019,3,9,September,12,2019-Q3,2019-09
2017-03-02,2017,1,3,March,2,2017-Q1,2017-03
1998-06-26,1998,2,6,June,26,1998-Q2,1998-06
2020-01-23,2020,1,1,January,23,2020-Q1,2020-01
2020-03-02,2020,1,3,March,2,2020-Q1,2020-03
2011-08-25,2011,3,8,August,25,2011-Q3,2011-08
2020-05-02,2020,2,5,May,2,2020-Q2,2020-05
2017-08-11,2017,3,8,August,11,2017-Q3,2017-08
2020-03-16,2020,1,3,March,16,2020-Q1,2020-03
2020-06-02,2020,2,6,June,2,2020-Q2,2020-06
2000-01-09,2000,1,1,January,9,2000-Q1,2000-01
2020-10-03,2020,4,10,October,3,2020-Q4,2020-10
2020-03-27,2020,1,3,March,27,2020-Q1,2020-03
2020-03-31,2020,1,3,March,31,2020-Q1,2020-03
2007-08-08,2007,3,8,August,8,2007-Q3,2007-08
2020-04-23,2020,2,4,April,23,2020-Q2,2020-04
2012-08-27,2012,3,8,August,27,2012-Q3,2012-08
2014-03-26,2014,1,3,March,26,2014-Q1,2014-03
1992-12-14,1992,4,12,December,14,1992-Q4,1992-12
2020-11-06,2020,4,11,November,6,2020-Q4,2020-11
2018-01-05,2018,1,1,January,5,2018-Q1,2018-01
2020-07-14,2020,3,7,July,14,2020-Q3,2020-07
2020-07-15,2020,3,7,July,15,2020-Q3,2020-07
2020-07-24,2020,3,7,July,24,2020-Q3,2020-07
2020-11-09,2020,4,11,November,9,2020-Q4,2020-11
2020-07-08,2020,3,7,July,8,2020-Q3,2020-07
2018-08-31,2018,3,8,August,31,2018-Q3,2018-08
2016-11-08,2016,4,11,November,8,2016-Q4,2016-11
2020-09-16,2020,3,9,September,16,2020-Q3,2020-09
2020-01-10,2020,1,1,January,10,2020-Q1,2020-01
2018-08-13,2018,3,8,August,13,2018-Q3,2018-08
2020-02-11,2020,1,2,February,11,2020-Q1,2020-02
2020-10-11,2020,4,10,October,11,2020-Q4,2020-10
2010-02-25,2010,1,2,February,25,2010-Q1,2010-02
2020-11-16,2020,4,11,November,16,2020-Q4,2020-11
2010-12-28,2010,4,12,December,28,2010-Q4,2010-12
2010-10-20,2010,4,10,October,20,2010-Q4,2010-10
2020-11-25,2020,4,11,November,25,2020-Q4,2020-11
2009-08-04,2009,3,8,August,4,2009-Q3,2009-08
2020-04-12,2020,2,4,April,12,2020-Q2,2020-04
2009-04-16,2009,2,4,April,16,2009-Q2,2009-04
2011-11-05,2011,4,11,November,5,2011-Q4,2011-11
2020-12-15,2020,4,12,December,15,2020-Q4,2020-12
2011-05-30,2011,2,5,May,30,2011-Q2,2011-05
2021-01-21,2021,1,1,January,21,2021-Q1,2021-01
2006-05-07,2006,2,5,May,7,2006-Q2,2006-05
2013-09-18,2013,3,9,September,18,2013-Q3,2013-09
2008-06-19,2008,2,6,June,19,2008-Q2,2008-06
2019-11-05,2019,4,11,November,5,2019-Q4,2019-11
2008-08-12,2008,3,8,August,12,2008-Q3,2008-08
2012-10-17,2012,4,10,October,17,2012-Q4,2012-10
2019-07-27,2019,3,7,July,27,2019-Q3,2019-07
2007-10-24,2007,4,10,October,24,2007-Q4,2007-10
2013-06-25,2013,2,6,June,25,2013-Q2,2013-06
2013-08-29,2013,3,8,August,29,2013-Q3,2013-08
2012-09-14,2012,3,9,September,14,2012-Q3,2012-09
2015-04-09,2015,2,4,April,9,2015-Q2,2015-04
2013-11-27,2013,4,11,November,27,2013-Q4,2013-11
2013-06-13,2013,2,6,June,13,2013-Q2,2013-06
2005-08-23,2005,3,8,August,23,2005-Q3,2005-08
2009-10-07,2009,4,10,October,7,2009-Q4,2009-10
2005-05-08,2005,2,5,May,8,2005-Q2,2005-05
2017-01-01,2017,1,1,January,1,2017-Q1,2017-01
2009-10-29,2009,4,10,October,29,2009-Q4,2009-10
2013-06-21,2013,2,6,June,21,2013-Q2,2013-06
2015-06-07,2015,2,6,June,7,2015-Q2,2015-06
1995-04-21,1995,2,4,April,21,1995-Q2,1995-04
2012-05-22,2012,2,5,May,22,2012-Q2,2012-05
2013-11-28,2013,4,11,November,28,2013-Q4,2013-11
2017-03-21,2017,1,3,March,21,2017-Q1,2017-03
2017-09-29,2017,3,9,September,29,2017-Q3,2017-09
2008-06-08,2008,2,6,June,8,2008-Q2,2008-06
2016-12-07,2016,4,12,December,7,2016-Q4,2016-12
2010-03-25,2010,1,3,March,25,2010-Q1,2010-03
2011-05-09,2011,2,5,May,9,2011-Q2,2011-05
2010-10-26,2010,4,10,October,26,2010-Q4,2010-10
2006-10-02,2006,4,10,October,2,2006-Q4,2006-10
2016-06-14,2016,2,6,June,14,2016-Q2,2016-06
2016-08-08,2016,3,8,August,8,2016-Q3,2016-08
1991-05-31,1991,2,5,May,31,1991-Q2,1991-05
2011-07-10,2011,3,7,July,10,2011-Q3,2011-07
2010-10-05,2010,4,10,October,5,2010-Q4,2010-10
2018-01-11,2018,1,1,January,11,2018-Q1,2018-01
2009-09-25,2009,3,9,September,25,2009-Q3,2009-09
2013-08-03,2013,3,8,August,3,2013-Q3,2013-08
2016-05-31,2016,2,5,May,31,2016-Q2,2016-05
2016-07-06,2016,3,7,July,6,2016-Q3,2016-07
2002-12-23,2002,4,12,December,23,2002-Q4,2002-12
2008-11-26,2008,4,11,November,26,2008-Q4,2008-11
2014-10-06,2014,4,10,October,6,2014-Q4,2014-10
2012-01-17,2012,1,1,January,17,2012-Q1,2012-01
1998-06-10,1998,2,6,June,10,1998-Q2,1998-06
1991-04-09,1991,2,4,April,9,1991-Q2,1991-04
2010-04-19,2010,2,4,April,19,2010-Q2,2010-04
2013-01-28,2013,1,1,January,28,2013-Q1,2013-01
2012-10-25,2012,4,10,October,25,2012-Q4,2012-10
2014-03-14,2014,1,3,March,14,2014-Q1,2014-03
2015-10-27,2015,4,10,October,27,2015-Q4,2015-10
2005-12-16,2005,4,12,December,16,2005-Q4,2005-12
2008-11-11,2008,4,11,November,11,2008-Q4,2008-11
1992-11-19,1992,4,11,November,19,1992-Q4,1992-11
2015-02-21,2015,1,2,February,21,2015-Q1,2015-02
2006-07-11,2006,3,7,July,11,2006-Q3,2006-07
2014-03-04,2014,1,3,March,4,2014-Q1,2014-03
2013-10-29,2013,4,10,October,29,2013-Q4,2013-10
2008-11-21,2008,4,11,November,21,2008-Q4,2008-11
1992-07-22,1992,3,7,July,22,1992-Q3,1992-07
2013-10-15,2013,4,10,October,15,2013-Q4,2013-10
2009-03-08,2009,1,3,March,8,2009-Q1,2009-03
2004-04-20,2004,2,4,April,20,2004-Q2,2004-04
2007-06-09,2007,2,6,June,9,2007-Q2,2007-06
2011-01-17,2011,1,1,January,17,2011-Q1,2011-01
2016-05-01,2016,2,5,May,1,2016-Q2,2016-05
2008-09-12,2008,3,9,September,12,2008-Q3,2008-09
2011-03-06,2011,1,3,March,6,2011-Q1,2011-03
2001-07-13,2001,3,7,July,13,2001-Q3,2001-07
1992-11-09,1992,4,11,November,9,1992-Q4,1992-11
2017-03-14,2017,1,3,March,14,2017-Q1,2017-03
1999-06-10,1999,2,6,June,10,1999-Q2,1999-06
2010-12-10,2010,4,12,December,10,2010-Q4,2010-12
1999-03-15,1999,1,3,March,15,1999-Q1,1999-03
2008-10-22,2008,4,10,October,22,2008-Q4,2008-10
1995-06-02,1995,2,6,June,2,1995-Q2,1995-06
2010-10-19,2010,4,10,October,19,2010-Q4,2010-10
2009-04-15,2009,2,4,April,15,2009-Q2,2009-04
2012-11-25,2012,4,11,November,25,2012-Q4,2012-11
2006-10-05,2006,4,10,October,5,2006-Q4,2006-10
2014-03-12,2014,1,3,March,12,2014-Q1,2014-03
2002-05-12,2002,2,5,May,12,2002-Q2,2002-05
2001-11-21,2001,4,11,November,21,2001-Q4,2001-11
2017-08-28,2017,3,8,August,28,2017-Q3,2017-08
2001-11-05,2001,4,11,November,5,2001-Q4,2001-11
2015-12-23,2015,4,12,December,23,2015-Q4,2015-12
2015-05-11,2015,2,5,May,11,2015-Q2,2015-05
2008-05-11,2008,2,5,May,11,2008-Q2,2008-05
2021-01-15,2021,1,1,January,15,2021-Q1,2021-01
2018-03-22,2018,1,3,March,22,2018-Q1,2018-03
2005-05-13,2005,2,5,May,13,2005-Q2,2005-05
2008-08-22,2008,3,8,August,22,2008-Q3,2008-08
2001-09-17,2001,3,9,September,17,2001-Q3,2001-09
2001-12-01,2001,4,12,December,1,2001-Q4,2001-12
2017-11-21,2017,4,11,November,21,2017-Q4,2017-11
1999-01-11,1999,1,1,January,11,1999-Q1,1999-01
1999-04-10,1999,2,4,April,10,1999-Q2,1999-04
2016-06-06,2016,2,6,June,6,2016-Q2,2016-06
2014-05-14,2014,2,5,May,14,2014-Q2,2014-05
2014-08-18,2014,3,8,August,18,2014-Q3,2014-08
2012-03-21,2012,1,3,March,21,2012-Q1,2012-03
1997-12-17,1997,4,12,December,17,1997-Q4,1997-12
2000-02-10,2000,1,2,February,10,2000-Q1,2000-02
2011-12-31,2011,4,12,December,31,2011-Q4,2011-12
2006-11-20,2006,4,11,November,20,2006-Q4,2006-11
1998-01-27,1998,1,1,January,27,1998-Q1,1998-01
2006-02-24,2006,1,2,February,24,2006-Q1,2006-02
1999-07-06,1999,3,7,July,6,1999-Q3,1999-07
1995-07-31,1995,3,7,July,31,1995-Q3,1995-07
2004-12-22,2004,4,12,December,22,2004-Q4,2004-12
2013-03-15,2013,1,3,March,15,2013-Q1,2013-03
2018-01-18,2018,1,1,January,18,2018-Q1,2018-01
2021-04-17,2021,2,4,April,17,2021-Q2,2021-04
2001-03-12,2001,1,3,March,12,2001-Q1,2001-03
2021-05-03,2021,2,5,May,3,2021-Q2,2021-05
2021-06-03,2021,2,6,June,3,2021-Q2,2021-06
2021-07-04,2021,3,7,July,4,2021-Q3,2021-07
2021-02-07,2021,1,2,February,7,2021-Q1,2021-02
2021-05-22,2021,2,5,May,22,2021-Q2,2021-05
2021-11-15,2021,4,11,November,15,2021-Q4,2021-11
2021-08-06,2021,3,8,August,6,2021-Q3,2021-08
2021-09-07,2021,3,9,September,7,2021-Q3,2021-09
2021-08-30,2021,3,8,August,30,2021-Q3,2021-08
2021-05-08,2021,2,5,May,8,2021-Q2,2021-05
2021-08-25,2021,3,8,August,25,2021-Q3,2021-08
2021-09-15,2021,3,9,September,15,2021-Q3,2021-09
2022-03-15,2022,1,3,March,15,2022-Q1,2022-03
2021-11-16,2021,4,11,November,16,2021-Q4,2021-11
2022-01-02,2022,1,1,January,2,2022-Q1,2022-01
2022-05-18,2022,2,5,May,18,2022-Q2,2022-05
2022-01-01,2022,1,1,January,1,2022-Q1,2022-01
2022-02-02,2022,1,2,February,2,2022-Q1,2022-02
2015-05-14,2015,2,5,May,14,2015-Q2,2015-05
2008-10-04,2008,4,10,October,4,2008-Q4,2008-10
2017-08-12,2017,3,8,August,12,2017-Q3,2017-08
2009-06-17,2009,2,6,June,17,2009-Q2,2009-06
2006-06-21,2006,2,6,June,21,2006-Q2,2006-06
2022-12-01,2022,4,12,December,1,2022-Q4,2022-12
2003-02-01,2003,1,2,February,1,2003-Q1,2003-02
2008-01-04,2008,1,1,January,4,2008-Q1,2008-01
2022-07-03,2022,3,7,July,3,2022-Q3,2022-07
2023-06-24,2023,2,6,June,24,2023-Q2,2023-06
2022-04-17,2022,2,4,April,17,2022-Q2,2022-04
2022-07-06,2022,3,7,July,6,2022-Q3,2022-07
2022-06-10,2022,2,6,June,10,2022-Q2,2022-06
2022-05-20,2022,2,5,May,20,2022-Q2,2022-05
2022-11-08,2022,4,11,November,8,2022-Q4,2022-11
2023-02-10,2023,1,2,February,10,2023-Q1,2023-02
2022-06-25,2022,2,6,June,25,2022-Q2,2022-06
2022-06-07,2022,2,6,June,7,2022-Q2,2022-06
2023-03-30,2023,1,3,March,30,2023-Q1,2023-03
2022-07-10,2022,3,7,July,10,2022-Q3,2022-07
2022-09-26,2022,3,9,September,26,2022-Q3,2022-09
2025-01-15,2025,1,1,January,15,2025-Q1,2025-01
2023-05-31,2023,2,5,May,31,2023-Q2,2023-05
2022-02-12,2022,1,2,February,12,2022-Q1,2022-02
2023-05-25,2023,2,5,May,25,2023-Q2,2023-05
2022-09-28,2022,3,9,September,28,2022-Q3,2022-09
2023-11-24,2023,4,11,November,24,2023-Q4,2023-11
2022-12-11,2022,4,12,December,11,2022-Q4,2022-12
1991-11-06,1991,4,11,November,6,1991-Q4,1991-11
2023-11-08,2023,4,11,November,8,2023-Q4,2023-11
2023-02-05,2023,1,2,February,5,2023-Q1,2023-02
2023-05-08,2023,2,5,May,8,2023-Q2,2023-05
2024-11-25,2024,4,11,November,25,2024-Q4,2024-11
2023-02-18,2023,1,2,February,18,2023-Q1,2023-02
2023-12-02,2023,4,12,December,2,2023-Q4,2023-12
1998-10-09,1998,4,10,October,9,1998-Q4,1998-10
2023-03-23,2023,1,3,March,23,2023-Q1,2023-03
2001-05-10,2001,2,5,May,10,2001-Q2,2001-05
2024-04-30,2024,2,4,April,30,2024-Q2,2024-04
2023-02-26,2023,1,2,February,26,2023-Q1,2023-02
2024-04-01,2024,2,4,April,1,2024-Q2,2024-04
2023-07-16,2023,3,7,July,16,2023-Q3,2023-07
2015-04-16,2015,2,4,April,16,2015-Q2,2015-04
2023-05-28,2023,2,5,May,28,2023-Q2,2023-05
2023-07-09,2023,3,7,July,9,2023-Q3,2023-07
2023-09-24,2023,3,9,September,24,2023-Q3,2023-09
2000-05-07,2000,2,5,May,7,2000-Q2,2000-05
2024-06-11,2024,2,6,June,11,2024-Q2,2024-06
2024-12-07,2024,4,12,December,7,2024-Q4,2024-12
2023-08-29,2023,3,8,August,29,2023-Q3,2023-08
2023-07-22,2023,3,7,July,22,2023-Q3,2023-07
2023-12-12,2023,4,12,December,12,2023-Q4,2023-12
2023-10-14,2023,4,10,October,14,2023-Q4,2023-10
2023-10-24,2023,4,10,October,24,2023-Q4,2023-10
2024-08-05,2024,3,8,August,5,2024-Q3,2024-08
2024-06-08,2024,2,6,June,8,2024-Q2,2024-06
2024-09-03,2024,3,9,September,3,2024-Q3,2024-09
2023-12-25,2023,4,12,December,25,2023-Q4,2023-12
2008-09-30,2008,3,9,September,30,2008-Q3,2008-09
2013-07-08,2013,3,7,July,8,2013-Q3,2013-07
2019-02-27,2019,1,2,February,27,2019-Q1,2019-02
2009-11-13,2009,4,11,November,13,2009-Q4,2009-11
2008-12-12,2008,4,12,December,12,2008-Q4,2008-12
1999-01-29,1999,1,1,January,29,1999-Q1,1999-01
2014-10-17,2014,4,10,October,17,2014-Q4,2014-10
2014-09-29,2014,3,9,September,29,2014-Q3,2014-09
2006-08-02,2006,3,8,August,2,2006-Q3,2006-08
2012-06-29,2012,2,6,June,29,2012-Q2,2012-06
2010-09-29,2010,3,9,September,29,2010-Q3,2010-09
2018-03-07,2018,1,3,March,7,2018-Q1,2018-03
2010-04-16,2010,2,4,April,16,2010-Q2,2010-04
2016-07-16,2016,3,7,July,16,2016-Q3,2016-07
2018-07-25,2018,3,7,July,25,2018-Q3,2018-07
2017-11-17,2017,4,11,November,17,2017-Q4,2017-11
2012-10-30,2012,4,10,October,30,2012-Q4,2012-10
2012-11-19,2012,4,11,November,19,2012-Q4,2012-11
2013-02-13,2013,1,2,February,13,2013-Q1,2013-02
2018-05-09,2018,2,5,May,9,2018-Q2,2018-05
2019-06-25,2019,2,6,June,25,2019-Q2,2019-06
2005-09-14,2005,3,9,September,14,2005-Q3,2005-09
2018-08-29,2018,3,8,August,29,2018-Q3,2018-08
2019-04-30,2019,2,4,April,30,2019-Q2,2019-04
2021-03-15,2021,1,3,March,15,2021-Q1,2021-03
2017-02-17,2017,1,2,February,17,2017-Q1,2017-02
2014-06-26,2014,2,6,June,26,2014-Q2,2014-06
2019-03-07,2019,1,3,March,7,2019-Q1,2019-03
2013-07-26,2013,3,7,July,26,2013-Q3,2013-07
2009-02-26,2009,1,2,February,26,2009-Q1,2009-02
2004-11-24,2004,4,11,November,24,2004-Q4,2004-11
2008-02-12,2008,1,2,February,12,2008-Q1,2008-02
2019-05-13,2019,2,5,May,13,2019-Q2,2019-05
2012-01-27,2012,1,1,January,27,2012-Q1,2012-01
2016-04-11,2016,2,4,April,11,2016-Q2,2016-04
2012-05-25,2012,2,5,May,25,2012-Q2,2012-05
2018-07-30,2018,3,7,July,30,2018-Q3,2018-07
2012-10-29,2012,4,10,October,29,2012-Q4,2012-10
2012-07-23,2012,3,7,July,23,2012-Q3,2012-07
2016-09-14,2016,3,9,September,14,2016-Q3,2016-09
2017-03-16,2017,1,3,March,16,2017-Q1,2017-03
2014-05-27,2014,2,5,May,27,2014-Q2,2014-05
2019-06-17,2019,2,6,June,17,2019-Q2,2019-06
2004-08-25,2004,3,8,August,25,2004-Q3,2004-08
2019-07-26,2019,3,7,July,26,2019-Q3,2019-07
2014-08-09,2014,3,8,August,9,2014-Q3,2014-08
2018-05-03,2018,2,5,May,3,2018-Q2,2018-05
2019-09-18,2019,3,9,September,18,2019-Q3,2019-09
2014-10-12,2014,4,10,October,12,2014-Q4,2014-10
2008-12-15,2008,4,12,December,15,2008-Q4,2008-12
2020-01-12,2020,1,1,January,12,2020-Q1,2020-01
2017-04-24,2017,2,4,April,24,2017-Q2,2017-04
2015-10-23,2015,4,10,October,23,2015-Q4,2015-10
2007-07-25,2007,3,7,July,25,2007-Q3,2007-07
2019-09-09,2019,3,9,September,9,2019-Q3,2019-09
2012-11-28,2012,4,11,November,28,2012-Q4,2012-11
2009-08-19,2009,3,8,August,19,2009-Q3,2009-08
2007-12-21,2007,4,12,December,21,2007-Q4,2007-12
2011-07-26,2011,3,7,July,26,2011-Q3,2011-07
2020-10-01,2020,4,10,October,1,2020-Q4,2020-10
2020-01-29,2020,1,1,January,29,2020-Q1,2020-01
2019-11-28,2019,4,11,November,28,2019-Q4,2019-11
2020-01-22,2020,1,1,January,22,2020-Q1,2020-01
2005-10-06,2005,4,10,October,6,2005-Q4,2005-10
2016-11-11,2016,4,11,November,11,2016-Q4,2016-11
2019-04-13,2019,2,4,April,13,2019-Q2,2019-04
2015-12-19,2015,4,12,December,19,2015-Q4,2015-12
2020-10-02,2020,4,10,October,2,2020-Q4,2020-10
2011-09-29,2011,3,9,September,29,2011-Q3,2011-09
2020-02-17,2020,1,2,February,17,2020-Q1,2020-02
2020-09-03,2020,3,9,September,3,2020-Q3,2020-09
2020-03-23,2020,1,3,March,23,2020-Q1,2020-03
2012-12-20,2012,4,12,December,20,2012-Q4,2012-12
2020-07-04,2020,3,7,July,4,2020-Q3,2020-07
2015-03-20,2015,1,3,March,20,2015-Q1,2015-03
2020-04-25,2020,2,4,April,25,2020-Q2,2020-04
2003-06-26,2003,2,6,June,26,2003-Q2,2003-06
2021-01-20,2021,1,1,January,20,2021-Q1,2021-01
2008-05-20,2008,2,5,May,20,2008-Q2,2008-05
2012-12-19,2012,4,12,December,19,2012-Q4,2012-12
2013-04-10,2013,2,4,April,10,2013-Q2,2013-04
2013-09-08,2013,3,9,September,8,2013-Q3,2013-09
2020-04-08,2020,2,4,April,8,2020-Q2,2020-04
1991-04-03,1991,2,4,April,3,1991-Q2,1991-04
2020-09-22,2020,3,9,September,22,2020-Q3,2020-09
2018-01-15,2018,1,1,January,15,2018-Q1,2018-01
2010-03-08,2010,1,3,March,8,2010-Q1,2010-03
2009-08-25,2009,3,8,August,25,2009-Q3,2009-08
2016-11-23,2016,4,11,November,23,2016-Q4,2016-11
2015-05-22,2015,2,5,May,22,2015-Q2,2015-05
2012-10-27,2012,4,10,October,27,2012-Q4,2012-10
2020-04-11,2020,2,4,April,11,2020-Q2,2020-04
2020-10-21,2020,4,10,October,21,2020-Q4,2020-10
2001-12-14,2001,4,12,December,14,2001-Q4,2001-12
2006-05-22,2006,2,5,May,22,2006-Q2,2006-05
2009-11-12,2009,4,11,November,12,2009-Q4,2009-11
2020-03-10,2020,1,3,March,10,2020-Q1,2020-03
2005-12-23,2005,4,12,December,23,2005-Q4,2005-12
2021-08-03,2021,3,8,August,3,2021-Q3,2021-08
2011-07-06,2011,3,7,July,6,2011-Q3,2011-07
2020-10-31,2020,4,10,October,31,2020-Q4,2020-10
2007-06-07,2007,2,6,June,7,2007-Q2,2007-06
1992-08-21,1992,3,8,August,21,1992-Q3,1992-08
2009-02-13,2009,1,2,February,13,2009-Q1,2009-02
2020-12-29,2020,4,12,December,29,2020-Q4,2020-12
2020-12-18,2020,4,12,December,18,2020-Q4,2020-12
2011-09-30,2011,3,9,September,30,2011-Q3,2011-09
2009-11-20,2009,4,11,November,20,2009-Q4,2009-11
2009-10-26,2009,4,10,October,26,2009-Q4,2009-10
2017-06-27,2017,2,6,June,27,2017-Q2,2017-06
2004-08-13,2004,3,8,August,13,2004-Q3,2004-08
2017-07-27,2017,3,7,July,27,2017-Q3,2017-07
2011-06-06,2011,2,6,June,6,2011-Q2,2011-06
2012-04-05,2012,2,4,April,5,2012-Q2,2012-04
2006-10-24,2006,4,10,October,24,2006-Q4,2006-10
2012-08-05,2012,3,8,August,5,2012-Q3,2012-08
2018-12-10,2018,4,12,December,10,2018-Q4,2018-12
2018-07-17,2018,3,7,July,17,2018-Q3,2018-07
2013-12-08,2013,4,12,December,8,2013-Q4,2013-12
2014-11-23,2014,4,11,November,23,2014-Q4,2014-11
2014-09-04,2014,3,9,September,4,2014-Q3,2014-09
2010-03-03,2010,1,3,March,3,2010-Q1,2010-03
2012-09-24,2012,3,9,September,24,2012-Q3,2012-09
2013-03-30,2013,1,3,March,30,2013-Q1,2013-03
2017-05-09,2017,2,5,May,9,2017-Q2,2017-05
2001-04-29,2001,2,4,April,29,2001-Q2,2001-04
2010-10-12,2010,4,10,October,12,2010-Q4,2010-10
2007-01-16,2007,1,1,January,16,2007-Q1,2007-01
2009-12-15,2009,4,12,December,15,2009-Q4,2009-12
2000-01-26,2000,1,1,January,26,2000-Q1,2000-01
2007-05-16,2007,2,5,May,16,2007-Q2,2007-05
2015-04-03,2015,2,4,April,3,2015-Q2,2015-04
2011-07-14,2011,3,7,July,14,2011-Q3,2011-07
2021-01-05,2021,1,1,January,5,2021-Q1,2021-01
2005-12-19,2005,4,12,December,19,2005-Q4,2005-12
2016-11-28,2016,4,11,November,28,2016-Q4,2016-11
2011-05-18,2011,2,5,May,18,2011-Q2,2011-05
2018-04-17,2018,2,4,April,17,2018-Q2,2018-04
2013-06-19,2013,2,6,June,19,2013-Q2,2013-06
2005-06-07,2005,2,6,June,7,2005-Q2,2005-06
2011-03-21,2011,1,3,March,21,2011-Q1,2011-03
1997-10-07,1997,4,10,October,7,1997-Q4,1997-10
2010-05-02,2010,2,5,May,2,2010-Q2,2010-05
2012-06-25,2012,2,6,June,25,2012-Q2,2012-06
2018-09-18,2018,3,9,September,18,2018-Q3,2018-09
2017-04-08,2017,2,4,April,8,2017-Q2,2017-04
2017-12-22,2017,4,12,December,22,2017-Q4,2017-12
2012-02-08,2012,1,2,February,8,2012-Q1,2012-02
2014-10-25,2014,4,10,October,25,2014-Q4,2014-10
2017-07-09,2017,3,7,July,9,2017-Q3,2017-07
2008-06-13,2008,2,6,June,13,2008-Q2,2008-06
2012-11-26,2012,4,11,November,26,2012-Q4,2012-11
2015-03-27,2015,1,3,March,27,2015-Q1,2015-03
2012-09-02,2012,3,9,September,2,2012-Q3,2012-09
2000-06-22,2000,2,6,June,22,2000-Q2,2000-06
2008-02-27,2008,1,2,February,27,2008-Q1,2008-02
2010-05-19,2010,2,5,May,19,2010-Q2,2010-05
2015-11-13,2015,4,11,November,13,2015-Q4,2015-11
2008-08-27,2008,3,8,August,27,2008-Q3,2008-08
2012-07-09,2012,3,7,July,9,2012-Q3,2012-07
2011-06-16,2011,2,6,June,16,2011-Q2,2011-06
2016-11-03,2016,4,11,November,3,2016-Q4,2016-11
2011-06-22,2011,2,6,June,22,2011-Q2,2011-06
1991-09-07,1991,3,9,September,7,1991-Q3,1991-09
2005-09-16,2005,3,9,September,16,2005-Q3,2005-09
2011-01-11,2011,1,1,January,11,2011-Q1,2011-01
2016-01-21,2016,1,1,January,21,2016-Q1,2016-01
2013-01-08,2013,1,1,January,8,2013-Q1,2013-01
2014-05-28,2014,2,5,May,28,2014-Q2,2014-05
2008-05-29,2008,2,5,May,29,2008-Q2,2008-05
2017-06-09,2017,2,6,June,9,2017-Q2,2017-06
2011-08-08,2011,3,8,August,8,2011-Q3,2011-08
2005-10-27,2005,4,10,October,27,2005-Q4,2005-10
2000-08-11,2000,3,8,August,11,2000-Q3,2000-08
2016-12-23,2016,4,12,December,23,2016-Q4,2016-12
2015-10-07,2015,4,10,October,7,2015-Q4,2015-10
2016-07-15,2016,3,7,July,15,2016-Q3,2016-07
2010-08-23,2010,3,8,August,23,2010-Q3,2010-08
1997-07-07,1997,3,7,July,7,1997-Q3,1997-07
2001-07-23,2001,3,7,July,23,2001-Q3,2001-07
1999-09-22,1999,3,9,September,22,1999-Q3,1999-09
2015-12-21,2015,4,12,December,21,2015-Q4,2015-12
2008-06-18,2008,2,6,June,18,2008-Q2,2008-06
2015-03-19,2015,1,3,March,19,2015-Q1,2015-03
2021-01-14,2021,1,1,January,14,2021-Q1,2021-01
2005-11-30,2005,4,11,November,30,2005-Q4,2005-11
1998-02-26,1998,1,2,February,26,1998-Q1,1998-02
2017-12-18,2017,4,12,December,18,2017-Q4,2017-12
2008-03-19,2008,1,3,March,19,2008-Q1,2008-03
2001-08-24,2001,3,8,August,24,2001-Q3,2001-08
2001-10-14,2001,4,10,October,14,2001-Q4,2001-10
2008-11-28,2008,4,11,November,28,2008-Q4,2008-11
2019-01-15,2019,1,1,January,15,2019-Q1,2019-01
1996-03-15,1996,1,3,March,15,1996-Q1,1996-03
2017-04-29,2017,2,4,April,29,2017-Q2,2017-04
1999-02-12,1999,1,2,February,12,1999-Q1,1999-02
2017-08-16,2017,3,8,August,16,2017-Q3,2017-08
2001-11-20,2001,4,11,November,20,2001-Q4,2001-11
2007-06-12,2007,2,6,June,12,2007-Q2,2007-06
2004-01-06,2004,1,1,January,6,2004-Q1,2004-01
2016-09-08,2016,3,9,September,8,2016-Q3,2016-09
2008-09-09,2008,3,9,September,9,2008-Q3,2008-09
1998-04-02,1998,2,4,April,2,1998-Q2,1998-04
2001-04-09,2001,2,4,April,9,2001-Q2,2001-04
2010-12-24,2010,4,12,December,24,2010-Q4,2010-12
2013-12-20,2013,4,12,December,20,2013-Q4,2013-12
2013-01-16,2013,1,1,January,16,2013-Q1,2013-01
2004-08-11,2004,3,8,August,11,2004-Q3,2004-08
2015-10-14,2015,4,10,October,14,2015-Q4,2015-10
2002-08-30,2002,3,8,August,30,2002-Q3,2002-08
2015-08-15,2015,3,8,August,15,2015-Q3,2015-08
1997-01-01,1997,1,1,January,1,1997-Q1,1997-01
2000-12-21,2000,4,12,December,21,2000-Q4,2000-12
2011-12-25,2011,4,12,December,25,2011-Q4,2011-12
2017-12-30,2017,4,12,December,30,2017-Q4,2017-12
2013-02-10,2013,1,2,February,10,2013-Q1,2013-02
2002-11-27,2002,4,11,November,27,2002-Q4,2002-11
2010-05-29,2010,2,5,May,29,2010-Q2,2010-05
2015-10-13,2015,4,10,October,13,2015-Q4,2015-10
1994-11-15,1994,4,11,November,15,1994-Q4,1994-11
2004-03-31,2004,1,3,March,31,2004-Q1,2004-03
2021-07-14,2021,3,7,July,14,2021-Q3,2021-07
2021-04-27,2021,2,4,April,27,2021-Q2,2021-04
2012-07-08,2012,3,7,July,8,2012-Q3,2012-07
2021-06-28,2021,2,6,June,28,2021-Q2,2021-06
2021-03-07,2021,1,3,March,7,2021-Q1,2021-03
2021-05-07,2021,2,5,May,7,2021-Q2,2021-05
2021-11-09,2021,4,11,November,9,2021-Q4,2021-11
2008-09-25,2008,3,9,September,25,2008-Q3,2008-09
2021-12-21,2021,4,12,December,21,2021-Q4,2021-12
2022-09-11,2022,3,9,September,11,2022-Q3,2022-09
2015-06-30,2015,2,6,June,30,2015-Q2,2015-06
2014-12-23,2014,4,12,December,23,2014-Q4,2014-12
1994-06-07,1994,2,6,June,7,1994-Q2,1994-06
2021-12-27,2021,4,12,December,27,2021-Q4,2021-12
2008-02-13,2008,1,2,February,13,2008-Q1,2008-02
2017-11-01,2017,4,11,November,1,2017-Q4,2017-11
2022-02-15,2022,1,2,February,15,2022-Q1,2022-02
2005-08-12,2005,3,8,August,12,2005-Q3,2005-08
2010-10-29,2010,4,10,October,29,2010-Q4,2010-10
2004-10-22,2004,4,10,October,22,2004-Q4,2004-10
2022-02-14,2022,1,2,February,14,2022-Q1,2022-02
1993-03-19,1993,1,3,March,19,1993-Q1,1993-03
2022-04-29,2022,2,4,April,29,2022-Q2,2022-04
2022-03-03,2022,1,3,March,3,2022-Q1,2022-03
2022-09-23,2022,3,9,September,23,2022-Q3,2022-09
2023-03-25,2023,1,3,March,25,2023-Q1,2023-03
2023-08-12,2023,3,8,August,12,2023-Q3,2023-08
2023-02-22,2023,1,2,February,22,2023-Q1,2023-02
2022-07-17,2022,3,7,July,17,2022-Q3,2022-07
2023-02-01,2023,1,2,February,1,2023-Q1,2023-02
2022-06-16,2022,2,6,June,16,2022-Q2,2022-06
2022-10-07,2022,4,10,October,7,2022-Q4,2022-10
2022-08-22,2022,3,8,August,22,2022-Q3,2022-08
2024-02-23,2024,1,2,February,23,2024-Q1,2024-02
2023-01-13,2023,1,1,January,13,2023-Q1,2023-01
2022-08-18,2022,3,8,August,18,2022-Q3,2022-08
2022-09-14,2022,3,9,September,14,2022-Q3,2022-09
2023-11-13,2023,4,11,November,13,2023-Q4,2023-11
2022-08-28,2022,3,8,August,28,2022-Q3,2022-08
2022-12-18,2022,4,12,December,18,2022-Q4,2022-12
2022-10-23,2022,4,10,October,23,2022-Q4,2022-10
2022-04-10,2022,2,4,April,10,2022-Q2,2022-04
2022-10-18,2022,4,10,October,18,2022-Q4,2022-10
2022-11-11,2022,4,11,November,11,2022-Q4,2022-11
2023-12-14,2023,4,12,December,14,2023-Q4,2023-12
2022-02-10,2022,1,2,February,10,2022-Q1,2022-02
2023-11-16,2023,4,11,November,16,2023-Q4,2023-11
2023-05-26,2023,2,5,May,26,2023-Q2,2023-05
2023-11-23,2023,4,11,November,23,2023-Q4,2023-11
2023-06-30,2023,2,6,June,30,2023-Q2,2023-06
2023-03-19,2023,1,3,March,19,2023-Q1,2023-03
2023-07-30,2023,3,7,July,30,2023-Q3,2023-07
2024-05-07,2024,2,5,May,7,2024-Q2,2024-05
2023-08-11,2023,3,8,August,11,2023-Q3,2023-08
2023-07-17,2023,3,7,July,17,2023-Q3,2023-07
2023-04-10,2023,2,4,April,10,2023-Q2,2023-04
2024-02-19,2024,1,2,February,19,2024-Q1,2024-02
2023-10-19,2023,4,10,October,19,2023-Q4,2023-10
2024-07-15,2024,3,7,July,15,2024-Q3,2024-07
2024-10-06,2024,4,10,October,6,2024-Q4,2024-10
2024-05-22,2024,2,5,May,22,2024-Q2,2024-05
2023-12-08,2023,4,12,December,8,2023-Q4,2023-12
2023-09-11,2023,3,9,September,11,2023-Q3,2023-09
2024-11-18,2024,4,11,November,18,2024-Q4,2024-11
2023-07-10,2023,3,7,July,10,2023-Q3,2023-07
2023-07-12,2023,3,7,July,12,2023-Q3,2023-07
2023-12-11,2023,4,12,December,11,2023-Q4,2023-12
2023-12-24,2023,4,12,December,24,2023-Q4,2023-12
2018-08-11,2018,3,8,August,11,2018-Q3,2018-08
1999-01-12,1999,1,1,January,12,1999-Q1,1999-01
2013-05-28,2013,2,5,May,28,2013-Q2,2013-05
2017-07-24,2017,3,7,July,24,2017-Q3,2017-07
2019-02-13,2019,1,2,February,13,2019-Q1,2019-02
2011-11-11,2011,4,11,November,11,2011-Q4,2011-11
2016-02-08,2016,1,2,February,8,2016-Q1,2016-02
2011-05-17,2011,2,5,May,17,2011-Q2,2011-05
2011-03-11,2011,1,3,March,11,2011-Q1,2011-03
2011-06-14,2011,2,6,June,14,2011-Q2,2011-06
2019-11-01,2019,4,11,November,1,2019-Q4,2019-11
2019-02-14,2019,1,2,February,14,2019-Q1,2019-02
2018-09-14,2018,3,9,September,14,2018-Q3,2018-09
2018-10-16,2018,4,10,October,16,2018-Q4,2018-10
2017-06-23,2017,2,6,June,23,2017-Q2,2017-06
2012-10-22,2012,4,10,October,22,2012-Q4,2012-10
2019-01-23,2019,1,1,January,23,2019-Q1,2019-01
2011-12-19,2011,4,12,December,19,2011-Q4,2011-12
2019-06-02,2019,2,6,June,2,2019-Q2,2019-06
2019-09-07,2019,3,9,September,7,2019-Q3,2019-09
2017-12-01,2017,4,12,December,1,2017-Q4,2017-12
2015-07-24,2015,3,7,July,24,2015-Q3,2015-07
2018-06-25,2018,2,6,June,25,2018-Q2,2018-06
2018-03-21,2018,1,3,March,21,2018-Q1,2018-03
2019-02-26,2019,1,2,February,26,2019-Q1,2019-02
2013-12-19,2013,4,12,December,19,2013-Q4,2013-12
2019-11-03,2019,4,11,November,3,2019-Q4,2019-11
2017-05-31,2017,2,5,May,31,2017-Q2,2017-05
2010-06-16,2010,2,6,June,16,2010-Q2,2010-06
2018-08-30,2018,3,8,August,30,2018-Q3,2018-08
2009-07-23,2009,3,7,July,23,2009-Q3,2009-07
2017-01-11,2017,1,1,January,11,2017-Q1,2017-01
2008-04-30,2008,2,4,April,30,2008-Q2,2008-04
2019-06-28,2019,2,6,June,28,2019-Q2,2019-06
2019-01-04,2019,1,1,January,4,2019-Q1,2019-01
2006-09-18,2006,3,9,September,18,2006-Q3,2006-09
2007-09-18,2007,3,9,September,18,2007-Q3,2007-09
2019-05-14,2019,2,5,May,14,2019-Q2,2019-05
2010-09-15,2010,3,9,September,15,2010-Q3,2010-09
2012-10-18,2012,4,10,October,18,2012-Q4,2012-10
2009-09-30,2009,3,9,September,30,2009-Q3,2009-09
2009-11-22,2009,4,11,November,22,2009-Q4,2009-11
2011-11-15,2011,4,11,November,15,2011-Q4,2011-11
2019-12-04,2019,4,12,December,4,2019-Q4,2019-12
2008-07-23,2008,3,7,July,23,2008-Q3,2008-07
2019-07-05,2019,3,7,July,5,2019-Q3,2019-07
2009-12-16,2009,4,12,December,16,2009-Q4,2009-12
2010-09-28,2010,3,9,September,28,2010-Q3,2010-09
2010-09-13,2010,3,9,September,13,2010-Q3,2010-09
2010-09-23,2010,3,9,September,23,2010-Q3,2010-09
2016-10-06,2016,4,10,October,6,2016-Q4,2016-10
2016-05-02,2016,2,5,May,2,2016-Q2,2016-05
2019-06-08,2019,2,6,June,8,2019-Q2,2019-06
2019-07-17,2019,3,7,July,17,2019-Q3,2019-07
2019-07-18,2019,3,7,July,18,2019-Q3,2019-07
2011-09-26,2011,3,9,September,26,2011-Q3,2011-09
2019-07-22,2019,3,7,July,22,2019-Q3,2019-07
2019-07-31,2019,3,7,July,31,2019-Q3,2019-07
2012-08-03,2012,3,8,August,3,2012-Q3,2012-08
2018-01-24,2018,1,1,January,24,2018-Q1,2018-01
2020-05-06,2020,2,5,May,6,2020-Q2,2020-05
2018-06-22,2018,2,6,June,22,2018-Q2,2018-06
2019-08-15,2019,3,8,August,15,2019-Q3,2019-08
2007-10-10,2007,4,10,October,10,2007-Q4,2007-10
2019-07-02,2019,3,7,July,2,2019-Q3,2019-07
2019-08-30,2019,3,8,August,30,2019-Q3,2019-08
2015-08-26,2015,3,8,August,26,2015-Q3,2015-08
2019-03-09,2019,1,3,March,9,2019-Q1,2019-03
2019-02-07,2019,1,2,February,7,2019-Q1,2019-02
2019-07-25,2019,3,7,July,25,2019-Q3,2019-07
2019-01-10,2019,1,1,January,10,2019-Q1,2019-01
2016-10-10,2016,4,10,October,10,2016-Q4,2016-10
2009-07-16,2009,3,7,July,16,2009-Q3,2009-07
2019-10-15,2019,4,10,October,15,2019-Q4,2019-10
2015-09-15,2015,3,9,September,15,2015-Q3,2015-09
2012-11-21,2012,4,11,November,21,2012-Q4,2012-11
2014-06-14,2014,2,6,June,14,2014-Q2,2014-06
2019-04-08,2019,2,4,April,8,2019-Q2,2019-04
2019-02-12,2019,1,2,February,12,2019-Q1,2019-02
2008-12-17,2008,4,12,December,17,2008-Q4,2008-12
2018-10-24,2018,4,10,October,24,2018-Q4,2018-10
2017-02-22,2017,1,2,February,22,2017-Q1,2017-02
2014-04-22,2014,2,4,April,22,2014-Q2,2014-04
2017-04-27,2017,2,4,April,27,2017-Q2,2017-04
2024-12-15,2024,4,12,December,15,2024-Q4,2024-12
2020-01-17,2020,1,1,January,17,2020-Q1,2020-01
2012-10-08,2012,4,10,October,8,2012-Q4,2012-10
1993-06-23,1993,2,6,June,23,1993-Q2,1993-06
2009-03-30,2009,1,3,March,30,2009-Q1,2009-03
2020-02-15,2020,1,2,February,15,2020-Q1,2020-02
2022-05-04,2022,2,5,May,4,2022-Q2,2022-05
2020-12-03,2020,4,12,December,3,2020-Q4,2020-12
2020-05-29,2020,2,5,May,29,2020-Q2,2020-05
2020-04-30,2020,2,4,April,30,2020-Q2,2020-04
2020-03-13,2020,1,3,March,13,2020-Q1,2020-03
2020-01-04,2020,1,1,January,4,2020-Q1,2020-01
2020-03-28,2020,1,3,March,28,2020-Q1,2020-03
2020-04-21,2020,2,4,April,21,2020-Q2,2020-04
2020-05-20,2020,2,5,May,20,2020-Q2,2020-05
2020-03-06,2020,1,3,March,6,2020-Q1,2020-03
2020-04-06,2020,2,4,April,6,2020-Q2,2020-04
2020-09-06,2020,3,9,September,6,2020-Q3,2020-09
2018-09-11,2018,3,9,September,11,2018-Q3,2018-09
2016-06-30,2016,2,6,June,30,2016-Q2,2016-06
2026-02-02,2026,1,2,February,2,2026-Q1,2026-02
2009-10-12,2009,4,10,October,12,2009-Q4,2009-10
2021-04-30,2021,2,4,April,30,2021-Q2,2021-04
2021-01-29,2021,1,1,January,29,2021-Q1,2021-01
2020-08-24,2020,3,8,August,24,2020-Q3,2020-08
2020-09-21,2020,3,9,September,21,2020-Q3,2020-09
2016-01-07,2016,1,1,January,7,2016-Q1,2016-01
2020-05-10,2020,2,5,May,10,2020-Q2,2020-05
2020-01-11,2020,1,1,January,11,2020-Q1,2020-01
2015-08-22,2015,3,8,August,22,2015-Q3,2015-08
2015-02-24,2015,1,2,February,24,2015-Q1,2015-02
2013-08-15,2013,3,8,August,15,2013-Q3,2013-08
2010-10-09,2010,4,10,October,9,2010-Q4,2010-10
2013-11-03,2013,4,11,November,3,2013-Q4,2013-11
2023-08-02,2023,3,8,August,2,2023-Q3,2023-08
2020-03-11,2020,1,3,March,11,2020-Q1,2020-03
2010-01-05,2010,1,1,January,5,2010-Q1,2010-01
2010-11-06,2010,4,11,November,6,2010-Q4,2010-11
2011-12-16,2011,4,12,December,16,2011-Q4,2011-12
2011-11-28,2011,4,11,November,28,2011-Q4,2011-11
2017-02-05,2017,1,2,February,5,2017-Q1,2017-02
2015-04-27,2015,2,4,April,27,2015-Q2,2015-04
2018-09-04,2018,3,9,September,4,2018-Q3,2018-09
2007-11-16,2007,4,11,November,16,2007-Q4,2007-11
2021-10-20,2021,4,10,October,20,2021-Q4,2021-10
2018-05-24,2018,2,5,May,24,2018-Q2,2018-05
2008-06-16,2008,2,6,June,16,2008-Q2,2008-06
2010-10-28,2010,4,10,October,28,2010-Q4,2010-10
2015-04-15,2015,2,4,April,15,2015-Q2,2015-04
2016-10-19,2016,4,10,October,19,2016-Q4,2016-10
2012-07-27,2012,3,7,July,27,2012-Q3,2012-07
1998-01-22,1998,1,1,January,22,1998-Q1,1998-01
2010-01-27,2010,1,1,January,27,2010-Q1,2010-01
2003-11-07,2003,4,11,November,7,2003-Q4,2003-11
2012-03-20,2012,1,3,March,20,2012-Q1,2012-03
2013-05-17,2013,2,5,May,17,2013-Q2,2013-05
1992-02-19,1992,1,2,February,19,1992-Q1,1992-02
2008-04-04,2008,2,4,April,4,2008-Q2,2008-04
2008-07-01,2008,3,7,July,1,2008-Q3,2008-07
2018-11-30,2018,4,11,November,30,2018-Q4,2018-11
2002-06-21,2002,2,6,June,21,2002-Q2,2002-06
2009-09-14,2009,3,9,September,14,2009-Q3,2009-09
2017-10-10,2017,4,10,October,10,2017-Q4,2017-10
2018-06-03,2018,2,6,June,3,2018-Q2,2018-06
2011-08-30,2011,3,8,August,30,2011-Q3,2011-08
1992-07-12,1992,3,7,July,12,1992-Q3,1992-07
2011-09-23,2011,3,9,September,23,2011-Q3,2011-09
2009-03-17,2009,1,3,March,17,2009-Q1,2009-03
2012-08-17,2012,3,8,August,17,2012-Q3,2012-08
2010-08-30,2010,3,8,August,30,2010-Q3,2010-08
2012-01-11,2012,1,1,January,11,2012-Q1,2012-01
2016-01-11,2016,1,1,January,11,2016-Q1,2016-01
2005-07-14,2005,3,7,July,14,2005-Q3,2005-07
2009-08-07,2009,3,8,August,7,2009-Q3,2009-08
2006-10-07,2006,4,10,October,7,2006-Q4,2006-10
2013-03-03,2013,1,3,March,3,2013-Q1,2013-03
2011-04-11,2011,2,4,April,11,2011-Q2,2011-04
2006-08-11,2006,3,8,August,11,2006-Q3,2006-08
2012-03-27,2012,1,3,March,27,2012-Q1,2012-03
2006-07-17,2006,3,7,July,17,2006-Q3,2006-07
2011-03-14,2011,1,3,March,14,2011-Q1,2011-03
2014-06-11,2014,2,6,June,11,2014-Q2,2014-06
2014-03-07,2014,1,3,March,7,2014-Q1,2014-03
2008-03-12,2008,1,3,March,12,2008-Q1,2008-03
2001-12-31,2001,4,12,December,31,2001-Q4,2001-12
2001-11-30,2001,4,11,November,30,2001-Q4,2001-11
2016-03-29,2016,1,3,March,29,2016-Q1,2016-03
2013-07-03,2013,3,7,July,3,2013-Q3,2013-07
2013-12-03,2013,4,12,December,3,2013-Q4,2013-12
2011-11-03,2011,4,11,November,3,2011-Q4,2011-11
2017-08-06,2017,3,8,August,6,2017-Q3,2017-08
1992-01-10,1992,1,1,January,10,1992-Q1,1992-01
2005-05-17,2005,2,5,May,17,2005-Q2,2005-05
2015-03-16,2015,1,3,March,16,2015-Q1,2015-03
2015-04-30,2015,2,4,April,30,2015-Q2,2015-04
2018-12-17,2018,4,12,December,17,2018-Q4,2018-12
1994-06-15,1994,2,6,June,15,1994-Q2,1994-06
2018-05-10,2018,2,5,May,10,2018-Q2,2018-05
1995-04-12,1995,2,4,April,12,1995-Q2,1995-04
2019-02-01,2019,1,2,February,1,2019-Q1,2019-02
2015-03-13,2015,1,3,March,13,2015-Q1,2015-03
2003-12-31,2003,4,12,December,31,2003-Q4,2003-12
1992-09-12,1992,3,9,September,12,1992-Q3,1992-09
2002-04-16,2002,2,4,April,16,2002-Q2,2002-04
2002-04-06,2002,2,4,April,6,2002-Q2,2002-04
2006-12-28,2006,4,12,December,28,2006-Q4,2006-12
2009-11-03,2009,4,11,November,3,2009-Q4,2009-11
2011-04-30,2011,2,4,April,30,2011-Q2,2011-04
2015-12-12,2015,4,12,December,12,2015-Q4,2015-12
2015-06-26,2015,2,6,June,26,2015-Q2,2015-06
1993-03-18,1993,1,3,March,18,1993-Q1,1993-03
2009-10-28,2009,4,10,October,28,2009-Q4,2009-10
2015-08-17,2015,3,8,August,17,2015-Q3,2015-08
2004-02-03,2004,1,2,February,3,2004-Q1,2004-02
2011-09-19,2011,3,9,September,19,2011-Q3,2011-09
1993-04-02,1993,2,4,April,2,1993-Q2,1993-04
2007-08-01,2007,3,8,August,1,2007-Q3,2007-08
2009-04-05,2009,2,4,April,5,2009-Q2,2009-04
2017-06-15,2017,2,6,June,15,2017-Q2,2017-06
2009-09-15,2009,3,9,September,15,2009-Q3,2009-09
2001-03-19,2001,1,3,March,19,2001-Q1,2001-03
2009-08-24,2009,3,8,August,24,2009-Q3,2009-08
2003-06-24,2003,2,6,June,24,2003-Q2,2003-06
2015-02-20,2015,1,2,February,20,2015-Q1,2015-02
2016-02-18,2016,1,2,February,18,2016-Q1,2016-02
2017-10-07,2017,4,10,October,7,2017-Q4,2017-10
2004-10-19,2004,4,10,October,19,2004-Q4,2004-10
2018-01-22,2018,1,1,January,22,2018-Q1,2018-01
2002-02-19,2002,1,2,February,19,2002-Q1,2002-02
2006-12-05,2006,4,12,December,5,2006-Q4,2006-12
2016-01-25,2016,1,1,January,25,2016-Q1,2016-01
2001-11-27,2001,4,11,November,27,2001-Q4,2001-11
2005-11-04,2005,4,11,November,4,2005-Q4,2005-11
2014-11-13,2014,4,11,November,13,2014-Q4,2014-11
2010-01-11,2010,1,1,January,11,2010-Q1,2010-01
2021-01-30,2021,1,1,January,30,2021-Q1,2021-01
2006-07-12,2006,3,7,July,12,2006-Q3,2006-07
2000-10-04,2000,4,10,October,4,2000-Q4,2000-10
2009-07-22,2009,3,7,July,22,2009-Q3,2009-07
2002-01-02,2002,1,1,January,2,2002-Q1,2002-01
2002-07-29,2002,3,7,July,29,2002-Q3,2002-07
2021-03-29,2021,1,3,March,29,2021-Q1,2021-03
2022-01-21,2022,1,1,January,21,2022-Q1,2022-01
2000-12-19,2000,4,12,December,19,2000-Q4,2000-12
2021-04-22,2021,2,4,April,22,2021-Q2,2021-04
1992-06-22,1992,2,6,June,22,1992-Q2,1992-06
2021-07-21,2021,3,7,July,21,2021-Q3,2021-07
2002-11-25,2002,4,11,November,25,2002-Q4,2002-11
2021-07-30,2021,3,7,July,30,2021-Q3,2021-07
2021-06-08,2021,2,6,June,8,2021-Q2,2021-06
2021-06-10,2021,2,6,June,10,2021-Q2,2021-06
2021-12-08,2021,4,12,December,8,2021-Q4,2021-12
2022-09-02,2022,3,9,September,2,2022-Q3,2022-09
2021-08-24,2021,3,8,August,24,2021-Q3,2021-08
2022-01-26,2022,1,1,January,26,2022-Q1,2022-01
2021-10-29,2021,4,10,October,29,2021-Q4,2021-10
2021-11-18,2021,4,11,November,18,2021-Q4,2021-11
2021-10-11,2021,4,10,October,11,2021-Q4,2021-10
2021-11-29,2021,4,11,November,29,2021-Q4,2021-11
2021-12-17,2021,4,12,December,17,2021-Q4,2021-12
2000-08-22,2000,3,8,August,22,2000-Q3,2000-08
2006-05-24,2006,2,5,May,24,2006-Q2,2006-05
2014-05-21,2014,2,5,May,21,2014-Q2,2014-05
2001-03-09,2001,1,3,March,9,2001-Q1,2001-03
2022-01-22,2022,1,1,January,22,2022-Q1,2022-01
2007-01-10,2007,1,1,January,10,2007-Q1,2007-01
2022-10-03,2022,4,10,October,3,2022-Q4,2022-10
2021-08-28,2021,3,8,August,28,2021-Q3,2021-08
2022-03-02,2022,1,3,March,2,2022-Q1,2022-03
1989-06-20,1989,2,6,June,20,1989-Q2,1989-06
2014-11-06,2014,4,11,November,6,2014-Q4,2014-11
2023-06-21,2023,2,6,June,21,2023-Q2,2023-06
2000-03-05,2000,1,3,March,5,2000-Q1,2000-03
2022-08-03,2022,3,8,August,3,2022-Q3,2022-08
2024-02-24,2024,1,2,February,24,2024-Q1,2024-02
2022-03-17,2022,1,3,March,17,2022-Q1,2022-03
2024-08-04,2024,3,8,August,4,2024-Q3,2024-08
2022-04-15,2022,2,4,April,15,2022-Q2,2022-04
2016-12-17,2016,4,12,December,17,2016-Q4,2016-12
2022-04-19,2022,2,4,April,19,2022-Q2,2022-04
2022-07-27,2022,3,7,July,27,2022-Q3,2022-07
2022-04-16,2022,2,4,April,16,2022-Q2,2022-04
2022-05-05,2022,2,5,May,5,2022-Q2,2022-05
2022-02-06,2022,1,2,February,6,2022-Q1,2022-02
2023-07-31,2023,3,7,July,31,2023-Q3,2023-07
2022-12-07,2022,4,12,December,7,2022-Q4,2022-12
2022-11-23,2022,4,11,November,23,2022-Q4,2022-11
2023-12-18,2023,4,12,December,18,2023-Q4,2023-12
2022-09-21,2022,3,9,September,21,2022-Q3,2022-09
2023-03-17,2023,1,3,March,17,2023-Q1,2023-03
2022-10-31,2022,4,10,October,31,2022-Q4,2022-10
2022-12-15,2022,4,12,December,15,2022-Q4,2022-12
2022-07-11,2022,3,7,July,11,2022-Q3,2022-07
2023-01-05,2023,1,1,January,5,2023-Q1,2023-01
2024-01-13,2024,1,1,January,13,2024-Q1,2024-01
2023-06-23,2023,2,6,June,23,2023-Q2,2023-06
2023-03-05,2023,1,3,March,5,2023-Q1,2023-03
2023-06-01,2023,2,6,June,1,2023-Q2,2023-06
2022-11-20,2022,4,11,November,20,2022-Q4,2022-11
2022-12-28,2022,4,12,December,28,2022-Q4,2022-12
2023-09-20,2023,3,9,September,20,2023-Q3,2023-09
2022-12-20,2022,4,12,December,20,2022-Q4,2022-12
2023-10-03,2023,4,10,October,3,2023-Q4,2023-10
2023-03-13,2023,1,3,March,13,2023-Q1,2023-03
2020-12-20,2020,4,12,December,20,2020-Q4,2020-12
2023-04-14,2023,2,4,April,14,2023-Q2,2023-04
2025-02-27,2025,1,2,February,27,2025-Q1,2025-02
2024-02-22,2024,1,2,February,22,2024-Q1,2024-02
2023-01-07,2023,1,1,January,7,2023-Q1,2023-01
2023-05-03,2023,2,5,May,3,2023-Q2,2023-05
2023-07-14,2023,3,7,July,14,2023-Q3,2023-07
2023-04-13,2023,2,4,April,13,2023-Q2,2023-04
2023-06-09,2023,2,6,June,9,2023-Q2,2023-06
2024-06-17,2024,2,6,June,17,2024-Q2,2024-06
2023-05-24,2023,2,5,May,24,2023-Q2,2023-05
2024-02-18,2024,1,2,February,18,2024-Q1,2024-02
2023-10-20,2023,4,10,October,20,2023-Q4,2023-10
2023-02-06,2023,1,2,February,6,2023-Q1,2023-02
2023-08-04,2023,3,8,August,4,2023-Q3,2023-08
2008-10-31,2008,4,10,October,31,2008-Q4,2008-10
2024-07-29,2024,3,7,July,29,2024-Q3,2024-07
2024-02-28,2024,1,2,February,28,2024-Q1,2024-02
2023-05-18,2023,2,5,May,18,2023-Q2,2023-05
2023-05-21,2023,2,5,May,21,2023-Q2,2023-05
2023-10-31,2023,4,10,October,31,2023-Q4,2023-10
2023-06-27,2023,2,6,June,27,2023-Q2,2023-06
1987-05-09,1987,2,5,May,9,1987-Q2,1987-05
2024-12-16,2024,4,12,December,16,2024-Q4,2024-12
2024-01-06,2024,1,1,January,6,2024-Q1,2024-01
2023-12-16,2023,4,12,December,16,2023-Q4,2023-12
2024-10-18,2024,4,10,October,18,2024-Q4,2024-10
2024-01-19,2024,1,1,January,19,2024-Q1,2024-01
2024-10-03,2024,4,10,October,3,2024-Q4,2024-10
2023-03-12,2023,1,3,March,12,2023-Q1,2023-03
2024-02-21,2024,1,2,February,21,2024-Q1,2024-02
2026-09-01,2026,3,9,September,1,2026-Q3,2026-09
2023-02-12,2023,1,2,February,12,2023-Q1,2023-02
2023-10-29,2023,4,10,October,29,2023-Q4,2023-10
2024-03-27,2024,1,3,March,27,2024-Q1,2024-03
2025-04-07,2025,2,4,April,7,2025-Q2,2025-04
2024-11-21,2024,4,11,November,21,2024-Q4,2024-11
2010-09-24,2010,3,9,September,24,2010-Q3,2010-09
2016-08-23,2016,3,8,August,23,2016-Q3,2016-08
2014-10-24,2014,4,10,October,24,2014-Q4,2014-10
2017-11-04,2017,4,11,November,4,2017-Q4,2017-11
2010-12-23,2010,4,12,December,23,2010-Q4,2010-12
2014-08-20,2014,3,8,August,20,2014-Q3,2014-08
2018-12-19,2018,4,12,December,19,2018-Q4,2018-12
2017-07-31,2017,3,7,July,31,2017-Q3,2017-07
2006-11-17,2006,4,11,November,17,2006-Q4,2006-11
2012-11-13,2012,4,11,November,13,2012-Q4,2012-11
2017-04-20,2017,2,4,April,20,2017-Q2,2017-04
2010-07-30,2010,3,7,July,30,2010-Q3,2010-07
2019-01-29,2019,1,1,January,29,2019-Q1,2019-01
2010-05-21,2010,2,5,May,21,2010-Q2,2010-05
2017-12-12,2017,4,12,December,12,2017-Q4,2017-12
2010-06-05,2010,2,6,June,5,2010-Q2,2010-06
2008-04-06,2008,2,4,April,6,2008-Q2,2008-04
2017-07-20,2017,3,7,July,20,2017-Q3,2017-07
2008-11-19,2008,4,11,November,19,2008-Q4,2008-11
2019-09-01,2019,3,9,September,1,2019-Q3,2019-09
2019-03-20,2019,1,3,March,20,2019-Q1,2019-03
2018-02-15,2018,1,2,February,15,2018-Q1,2018-02
2011-12-15,2011,4,12,December,15,2011-Q4,2011-12
2019-04-24,2019,2,4,April,24,2019-Q2,2019-04
2019-03-29,2019,1,3,March,29,2019-Q1,2019-03
2008-11-09,2008,4,11,November,9,2008-Q4,2008-11
2017-03-31,2017,1,3,March,31,2017-Q1,2017-03
2007-11-21,2007,4,11,November,21,2007-Q4,2007-11
2018-06-12,2018,2,6,June,12,2018-Q2,2018-06
2007-12-09,2007,4,12,December,9,2007-Q4,2007-12
2010-10-06,2010,4,10,October,6,2010-Q4,2010-10
2017-06-21,2017,2,6,June,21,2017-Q2,2017-06
2009-07-30,2009,3,7,July,30,2009-Q3,2009-07
2017-08-23,2017,3,8,August,23,2017-Q3,2017-08
2007-07-12,2007,3,7,July,12,2007-Q3,2007-07
2011-10-24,2011,4,10,October,24,2011-Q4,2011-10
2019-04-26,2019,2,4,April,26,2019-Q2,2019-04
2019-06-01,2019,2,6,June,1,2019-Q2,2019-06
2019-06-21,2019,2,6,June,21,2019-Q2,2019-06
2011-11-14,2011,4,11,November,14,2011-Q4,2011-11
2004-01-29,2004,1,1,January,29,2004-Q1,2004-01
2019-04-06,2019,2,4,April,6,2019-Q2,2019-04
2019-06-06,2019,2,6,June,6,2019-Q2,2019-06
2017-02-08,2017,1,2,February,8,2017-Q1,2017-02
2018-05-15,2018,2,5,May,15,2018-Q2,2018-05
2015-12-10,2015,4,12,December,10,2015-Q4,2015-12
2012-11-30,2012,4,11,November,30,2012-Q4,2012-11
2019-06-26,2019,2,6,June,26,2019-Q2,2019-06
2018-10-10,2018,4,10,October,10,2018-Q4,2018-10
2013-07-25,2013,3,7,July,25,2013-Q3,2013-07
2011-12-23,2011,4,12,December,23,2011-Q4,2011-12
2006-07-21,2006,3,7,July,21,2006-Q3,2006-07
2010-09-14,2010,3,9,September,14,2010-Q3,2010-09
2019-08-24,2019,3,8,August,24,2019-Q3,2019-08
2012-08-30,2012,3,8,August,30,2012-Q3,2012-08
2019-08-26,2019,3,8,August,26,2019-Q3,2019-08
2010-09-06,2010,3,9,September,6,2010-Q3,2010-09
2017-01-09,2017,1,1,January,9,2017-Q1,2017-01
2019-07-10,2019,3,7,July,10,2019-Q3,2019-07
2018-06-08,2018,2,6,June,8,2018-Q2,2018-06
2002-04-29,2002,2,4,April,29,2002-Q2,2002-04
2019-04-11,2019,2,4,April,11,2019-Q2,2019-04
2018-12-16,2018,4,12,December,16,2018-Q4,2018-12
2010-04-06,2010,2,4,April,6,2010-Q2,2010-04
2015-03-12,2015,1,3,March,12,2015-Q1,2015-03
2019-11-20,2019,4,11,November,20,2019-Q4,2019-11
2005-06-16,2005,2,6,June,16,2005-Q2,2005-06
2019-05-12,2019,2,5,May,12,2019-Q2,2019-05
2015-04-02,2015,2,4,April,2,2015-Q2,2015-04
2019-11-30,2019,4,11,November,30,2019-Q4,2019-11
2008-07-18,2008,3,7,July,18,2008-Q3,2008-07
2014-01-20,2014,1,1,January,20,2014-Q1,2014-01
2014-11-07,2014,4,11,November,7,2014-Q4,2014-11
2017-04-10,2017,2,4,April,10,2017-Q2,2017-04
2020-02-28,2020,1,2,February,28,2020-Q1,2020-02
2010-04-05,2010,2,4,April,5,2010-Q2,2010-04
2018-08-06,2018,3,8,August,6,2018-Q3,2018-08
2020-02-14,2020,1,2,February,14,2020-Q1,2020-02
2018-08-21,2018,3,8,August,21,2018-Q3,2018-08
2020-06-04,2020,2,6,June,4,2020-Q2,2020-06
2020-06-05,2020,2,6,June,5,2020-Q2,2020-06
2018-04-07,2018,2,4,April,7,2018-Q2,2018-04
2008-07-24,2008,3,7,July,24,2008-Q3,2008-07
2018-09-03,2018,3,9,September,3,2018-Q3,2018-09
2020-04-09,2020,2,4,April,9,2020-Q2,2020-04
2020-12-31,2020,4,12,December,31,2020-Q4,2020-12
2016-06-22,2016,2,6,June,22,2016-Q2,2016-06
2004-04-06,2004,2,4,April,6,2004-Q2,2004-04
2020-06-25,2020,2,6,June,25,2020-Q2,2020-06
2020-06-26,2020,2,6,June,26,2020-Q2,2020-06
2009-05-27,2009,2,5,May,27,2009-Q2,2009-05
2020-09-29,2020,3,9,September,29,2020-Q3,2020-09
2020-07-30,2020,3,7,July,30,2020-Q3,2020-07
2021-05-02,2021,2,5,May,2,2021-Q2,2021-05
2020-11-19,2020,4,11,November,19,2020-Q4,2020-11
2020-08-17,2020,3,8,August,17,2020-Q3,2020-08
2015-08-25,2015,3,8,August,25,2015-Q3,2015-08
2020-09-14,2020,3,9,September,14,2020-Q3,2020-09
2020-09-28,2020,3,9,September,28,2020-Q3,2020-09
2009-09-21,2009,3,9,September,21,2009-Q3,2009-09
2012-08-10,2012,3,8,August,10,2012-Q3,2012-08
2020-10-14,2020,4,10,October,14,2020-Q4,2020-10
2014-12-18,2014,4,12,December,18,2014-Q4,2014-12
1995-05-04,1995,2,5,May,4,1995-Q2,1995-05
2008-12-30,2008,4,12,December,30,2008-Q4,2008-12
2015-04-17,2015,2,4,April,17,2015-Q2,2015-04
2021-04-19,2021,2,4,April,19,2021-Q2,2021-04
2020-11-27,2020,4,11,November,27,2020-Q4,2020-11
2001-12-20,2001,4,12,December,20,2001-Q4,2001-12
2018-02-01,2018,1,2,February,1,2018-Q1,2018-02
2011-03-05,2011,1,3,March,5,2011-Q1,2011-03
2010-07-16,2010,3,7,July,16,2010-Q3,2010-07
2008-08-28,2008,3,8,August,28,2008-Q3,2008-08
2018-04-16,2018,2,4,April,16,2018-Q2,2018-04
2012-07-16,2012,3,7,July,16,2012-Q3,2012-07
2013-04-25,2013,2,4,April,25,2013-Q2,2013-04
2005-12-31,2005,4,12,December,31,2005-Q4,2005-12
2013-11-13,2013,4,11,November,13,2013-Q4,2013-11
2008-09-10,2008,3,9,September,10,2008-Q3,2008-09
2010-03-06,2010,1,3,March,6,2010-Q1,2010-03
2011-04-13,2011,2,4,April,13,2011-Q2,2011-04
2009-02-09,2009,1,2,February,9,2009-Q1,2009-02
2011-11-26,2011,4,11,November,26,2011-Q4,2011-11
2019-04-01,2019,2,4,April,1,2019-Q2,2019-04
2009-06-05,2009,2,6,June,5,2009-Q2,2009-06
2015-06-15,2015,2,6,June,15,2015-Q2,2015-06
2017-03-08,2017,1,3,March,8,2017-Q1,2017-03
2015-10-04,2015,4,10,October,4,2015-Q4,2015-10
2001-02-13,2001,1,2,February,13,2001-Q1,2001-02
2017-09-08,2017,3,9,September,8,2017-Q3,2017-09
2015-11-26,2015,4,11,November,26,2015-Q4,2015-11
2013-09-25,2013,3,9,September,25,2013-Q3,2013-09
2012-04-12,2012,2,4,April,12,2012-Q2,2012-04
2009-07-12,2009,3,7,July,12,2009-Q3,2009-07
2018-03-04,2018,1,3,March,4,2018-Q1,2018-03
2017-06-20,2017,2,6,June,20,2017-Q2,2017-06
2015-04-06,2015,2,4,April,6,2015-Q2,2015-04
2008-05-28,2008,2,5,May,28,2008-Q2,2008-05
2001-07-09,2001,3,7,July,9,2001-Q3,2001-07
2016-07-03,2016,3,7,July,3,2016-Q3,2016-07
2016-04-04,2016,2,4,April,4,2016-Q2,2016-04
2011-04-29,2011,2,4,April,29,2011-Q2,2011-04
2013-03-21,2013,1,3,March,21,2013-Q1,2013-03
2011-04-20,2011,2,4,April,20,2011-Q2,2011-04
2006-08-18,2006,3,8,August,18,2006-Q3,2006-08
1996-05-24,1996,2,5,May,24,1996-Q2,1996-05
2002-05-06,2002,2,5,May,6,2002-Q2,2002-05
2014-05-16,2014,2,5,May,16,2014-Q2,2014-05
2018-11-22,2018,4,11,November,22,2018-Q4,2018-11
2012-12-14,2012,4,12,December,14,2012-Q4,2012-12
2017-08-30,2017,3,8,August,30,2017-Q3,2017-08
2007-03-20,2007,1,3,March,20,2007-Q1,2007-03
2016-09-15,2016,3,9,September,15,2016-Q3,2016-09
2000-11-17,2000,4,11,November,17,2000-Q4,2000-11
2001-05-31,2001,2,5,May,31,2001-Q2,2001-05
2012-05-24,2012,2,5,May,24,2012-Q2,2012-05
1999-04-06,1999,2,4,April,6,1999-Q2,1999-04
2013-01-03,2013,1,1,January,3,2013-Q1,2013-01
2018-07-20,2018,3,7,July,20,2018-Q3,2018-07
2006-12-19,2006,4,12,December,19,2006-Q4,2006-12
2004-03-16,2004,1,3,March,16,2004-Q1,2004-03
2005-08-17,2005,3,8,August,17,2005-Q3,2005-08
1990-07-11,1990,3,7,July,11,1990-Q3,1990-07
2018-06-06,2018,2,6,June,6,2018-Q2,2018-06
2010-05-26,2010,2,5,May,26,2010-Q2,2010-05
2015-05-06,2015,2,5,May,6,2015-Q2,2015-05
2013-10-25,2013,4,10,October,25,2013-Q4,2013-10
2013-03-13,2013,1,3,March,13,2013-Q1,2013-03
2000-10-25,2000,4,10,October,25,2000-Q4,2000-10
1996-06-06,1996,2,6,June,6,1996-Q2,1996-06
2001-07-27,2001,3,7,July,27,2001-Q3,2001-07
1992-09-30,1992,3,9,September,30,1992-Q3,1992-09
2012-05-28,2012,2,5,May,28,2012-Q2,2012-05
2014-10-09,2014,4,10,October,9,2014-Q4,2014-10
2014-02-04,2014,1,2,February,4,2014-Q1,2014-02
2006-04-12,2006,2,4,April,12,2006-Q2,2006-04
2016-03-02,2016,1,3,March,2,2016-Q1,2016-03
2004-12-15,2004,4,12,December,15,2004-Q4,2004-12
2001-07-08,2001,3,7,July,8,2001-Q3,2001-07
1992-01-07,1992,1,1,January,7,1992-Q1,1992-01
2001-09-28,2001,3,9,September,28,2001-Q3,2001-09
2021-07-01,2021,3,7,July,1,2021-Q3,2021-07
2000-10-27,2000,4,10,October,27,2000-Q4,2000-10
2013-01-17,2013,1,1,January,17,2013-Q1,2013-01
2013-04-01,2013,2,4,April,1,2013-Q2,2013-04
2017-09-27,2017,3,9,September,27,2017-Q3,2017-09
1992-03-06,1992,1,3,March,6,1992-Q1,1992-03
2012-11-17,2012,4,11,November,17,2012-Q4,2012-11
2010-06-08,2010,2,6,June,8,2010-Q2,2010-06
2018-09-07,2018,3,9,September,7,2018-Q3,2018-09
2001-05-04,2001,2,5,May,4,2001-Q2,2001-05
2000-12-17,2000,4,12,December,17,2000-Q4,2000-12
2005-01-06,2005,1,1,January,6,2005-Q1,2005-01
2010-07-12,2010,3,7,July,12,2010-Q3,2010-07
2016-06-05,2016,2,6,June,5,2016-Q2,2016-06
2017-01-17,2017,1,1,January,17,2017-Q1,2017-01
2008-03-17,2008,1,3,March,17,2008-Q1,2008-03
1998-05-26,1998,2,5,May,26,1998-Q2,1998-05
2000-02-11,2000,1,2,February,11,2000-Q1,2000-02
2004-10-20,2004,4,10,October,20,2004-Q4,2004-10
2000-09-20,2000,3,9,September,20,2000-Q3,2000-09
2001-08-23,2001,3,8,August,23,2001-Q3,2001-08
2016-01-14,2016,1,1,January,14,2016-Q1,2016-01
2001-11-29,2001,4,11,November,29,2001-Q4,2001-11
1999-12-29,1999,4,12,December,29,1999-Q4,1999-12
1998-05-14,1998,2,5,May,14,1998-Q2,1998-05
2013-03-25,2013,1,3,March,25,2013-Q1,2013-03
2010-06-04,2010,2,6,June,4,2010-Q2,2010-06
1998-11-06,1998,4,11,November,6,1998-Q4,1998-11
2004-11-18,2004,4,11,November,18,2004-Q4,2004-11
2013-12-23,2013,4,12,December,23,2013-Q4,2013-12
2011-05-25,2011,2,5,May,25,2011-Q2,2011-05
2001-03-22,2001,1,3,March,22,2001-Q1,2001-03
2021-08-02,2021,3,8,August,2,2021-Q3,2021-08
2001-04-26,2001,2,4,April,26,2001-Q2,2001-04
2021-03-16,2021,1,3,March,16,2021-Q1,2021-03
2021-03-09,2021,1,3,March,9,2021-Q1,2021-03
2021-09-16,2021,3,9,September,16,2021-Q3,2021-09
2021-07-13,2021,3,7,July,13,2021-Q3,2021-07
2022-05-25,2022,2,5,May,25,2022-Q2,2022-05
2021-06-24,2021,2,6,June,24,2021-Q2,2021-06
2022-11-01,2022,4,11,November,1,2022-Q4,2022-11
2021-06-27,2021,2,6,June,27,2021-Q2,2021-06
2021-07-19,2021,3,7,July,19,2021-Q3,2021-07
2021-07-25,2021,3,7,July,25,2021-Q3,2021-07
2021-08-20,2021,3,8,August,20,2021-Q3,2021-08
2021-04-13,2021,2,4,April,13,2021-Q2,2021-04
2021-08-15,2021,3,8,August,15,2021-Q3,2021-08
2022-06-22,2022,2,6,June,22,2022-Q2,2022-06
2021-07-10,2021,3,7,July,10,2021-Q3,2021-07
2021-10-19,2021,4,10,October,19,2021-Q4,2021-10
2021-04-11,2021,2,4,April,11,2021-Q2,2021-04
2022-04-20,2022,2,4,April,20,2022-Q2,2022-04
2021-11-17,2021,4,11,November,17,2021-Q4,2021-11
2021-11-27,2021,4,11,November,27,2021-Q4,2021-11
2021-07-12,2021,3,7,July,12,2021-Q3,2021-07
2021-12-16,2021,4,12,December,16,2021-Q4,2021-12
2011-01-26,2011,1,1,January,26,2011-Q1,2011-01
2016-04-07,2016,2,4,April,7,2016-Q2,2016-04
2004-12-31,2004,4,12,December,31,2004-Q4,2004-12
2000-05-26,2000,2,5,May,26,2000-Q2,2000-05
2022-05-17,2022,2,5,May,17,2022-Q2,2022-05
2022-03-16,2022,1,3,March,16,2022-Q1,2022-03
2022-04-28,2022,2,4,April,28,2022-Q2,2022-04
2022-02-13,2022,1,2,February,13,2022-Q1,2022-02
2022-07-19,2022,3,7,July,19,2022-Q3,2022-07
2000-07-28,2000,3,7,July,28,2000-Q3,2000-07
2022-09-03,2022,3,9,September,3,2022-Q3,2022-09
2022-03-14,2022,1,3,March,14,2022-Q1,2022-03
2022-03-22,2022,1,3,March,22,2022-Q1,2022-03
2022-07-22,2022,3,7,July,22,2022-Q3,2022-07
2022-08-04,2022,3,8,August,4,2022-Q3,2022-08
2022-12-09,2022,4,12,December,9,2022-Q4,2022-12
2022-06-29,2022,2,6,June,29,2022-Q2,2022-06
2022-11-07,2022,4,11,November,7,2022-Q4,2022-11
2023-08-13,2023,3,8,August,13,2023-Q3,2023-08
2023-05-22,2023,2,5,May,22,2023-Q2,2023-05
2022-03-10,2022,1,3,March,10,2022-Q1,2022-03
2022-12-30,2022,4,12,December,30,2022-Q4,2022-12
2023-02-17,2023,1,2,February,17,2023-Q1,2023-02
2023-05-20,2023,2,5,May,20,2023-Q2,2023-05
2022-10-29,2022,4,10,October,29,2022-Q4,2022-10
2023-04-25,2023,2,4,April,25,2023-Q2,2023-04
2022-11-29,2022,4,11,November,29,2022-Q4,2022-11
2025-01-31,2025,1,1,January,31,2025-Q1,2025-01
2023-08-28,2023,3,8,August,28,2023-Q3,2023-08
2022-12-13,2022,4,12,December,13,2022-Q4,2022-12
2023-03-20,2023,1,3,March,20,2023-Q1,2023-03
2023-07-04,2023,3,7,July,4,2023-Q3,2023-07
2022-04-12,2022,2,4,April,12,2022-Q2,2022-04
2025-01-28,2025,1,1,January,28,2025-Q1,2025-01
2024-06-05,2024,2,6,June,5,2024-Q2,2024-06
2023-11-29,2023,4,11,November,29,2023-Q4,2023-11
2025-09-26,2025,3,9,September,26,2025-Q3,2025-09
2023-04-03,2023,2,4,April,3,2023-Q2,2023-04
2023-08-05,2023,3,8,August,5,2023-Q3,2023-08
2023-04-20,2023,2,4,April,20,2023-Q2,2023-04
2024-02-05,2024,1,2,February,5,2024-Q1,2024-02
2023-11-09,2023,4,11,November,9,2023-Q4,2023-11
2024-06-28,2024,2,6,June,28,2024-Q2,2024-06
2024-05-13,2024,2,5,May,13,2024-Q2,2024-05
2023-02-11,2023,1,2,February,11,2023-Q1,2023-02
2024-01-12,2024,1,1,January,12,2024-Q1,2024-01
2023-07-27,2023,3,7,July,27,2023-Q3,2023-07
2023-08-21,2023,3,8,August,21,2023-Q3,2023-08
2024-09-19,2024,3,9,September,19,2024-Q3,2024-09
2024-04-22,2024,2,4,April,22,2024-Q2,2024-04
2026-03-03,2026,1,3,March,3,2026-Q1,2026-03
2024-04-04,2024,2,4,April,4,2024-Q2,2024-04
2023-08-20,2023,3,8,August,20,2023-Q3,2023-08
2023-06-10,2023,2,6,June,10,2023-Q2,2023-06
2023-10-22,2023,4,10,October,22,2023-Q4,2023-10
2024-03-01,2024,1,3,March,1,2024-Q1,2024-03
2024-07-06,2024,3,7,July,6,2024-Q3,2024-07
2013-12-13,2013,4,12,December,13,2013-Q4,2013-12
2011-06-27,2011,2,6,June,27,2011-Q2,2011-06
2014-05-06,2014,2,5,May,6,2014-Q2,2014-05
2005-11-29,2005,4,11,November,29,2005-Q4,2005-11
2017-02-11,2017,1,2,February,11,2017-Q1,2017-02
2011-04-07,2011,2,4,April,7,2011-Q2,2011-04
2004-07-23,2004,3,7,July,23,2004-Q3,2004-07
2010-04-27,2010,2,4,April,27,2010-Q2,2010-04
2017-04-18,2017,2,4,April,18,2017-Q2,2017-04
2012-05-29,2012,2,5,May,29,2012-Q2,2012-05
2011-11-25,2011,4,11,November,25,2011-Q4,2011-11
2005-12-20,2005,4,12,December,20,2005-Q4,2005-12
2018-12-21,2018,4,12,December,21,2018-Q4,2018-12
2019-02-21,2019,1,2,February,21,2019-Q1,2019-02
2007-03-23,2007,1,3,March,23,2007-Q1,2007-03
2017-10-19,2017,4,10,October,19,2017-Q4,2017-10
2017-09-20,2017,3,9,September,20,2017-Q3,2017-09
2004-10-05,2004,4,10,October,5,2004-Q4,2004-10
2019-11-29,2019,4,11,November,29,2019-Q4,2019-11
2018-11-27,2018,4,11,November,27,2018-Q4,2018-11
2016-06-09,2016,2,6,June,9,2016-Q2,2016-06
2013-11-11,2013,4,11,November,11,2013-Q4,2013-11
2012-07-19,2012,3,7,July,19,2012-Q3,2012-07
2005-09-08,2005,3,9,September,8,2005-Q3,2005-09
2010-08-27,2010,3,8,August,27,2010-Q3,2010-08
2001-05-09,2001,2,5,May,9,2001-Q2,2001-05
2019-05-22,2019,2,5,May,22,2019-Q2,2019-05
2019-02-17,2019,1,2,February,17,2019-Q1,2019-02
2018-07-05,2018,3,7,July,5,2018-Q3,2018-07
2009-11-06,2009,4,11,November,6,2009-Q4,2009-11
2019-09-05,2019,3,9,September,5,2019-Q3,2019-09
2006-01-09,2006,1,1,January,9,2006-Q1,2006-01
2018-03-14,2018,1,3,March,14,2018-Q1,2018-03
2018-07-03,2018,3,7,July,3,2018-Q3,2018-07
2016-09-12,2016,3,9,September,12,2016-Q3,2016-09
2007-10-09,2007,4,10,October,9,2007-Q4,2007-10
2008-10-29,2008,4,10,October,29,2008-Q4,2008-10
2011-05-27,2011,2,5,May,27,2011-Q2,2011-05
2000-06-10,2000,2,6,June,10,2000-Q2,2000-06
2011-06-30,2011,2,6,June,30,2011-Q2,2011-06
2010-04-29,2010,2,4,April,29,2010-Q2,2010-04
2017-11-20,2017,4,11,November,20,2017-Q4,2017-11
2017-01-30,2017,1,1,January,30,2017-Q1,2017-01
2009-11-26,2009,4,11,November,26,2009-Q4,2009-11
2015-06-05,2015,2,6,June,5,2015-Q2,2015-06
2019-01-08,2019,1,1,January,8,2019-Q1,2019-01
2017-05-24,2017,2,5,May,24,2017-Q2,2017-05
2007-07-13,2007,3,7,July,13,2007-Q3,2007-07
2000-01-25,2000,1,1,January,25,2000-Q1,2000-01
2012-03-23,2012,1,3,March,23,2012-Q1,2012-03
2010-12-22,2010,4,12,December,22,2010-Q4,2010-12
2019-09-16,2019,3,9,September,16,2019-Q3,2019-09
2020-11-05,2020,4,11,November,5,2020-Q4,2020-11
2011-12-09,2011,4,12,December,9,2011-Q4,2011-12
2017-02-06,2017,1,2,February,6,2017-Q1,2017-02
2008-02-25,2008,1,2,February,25,2008-Q1,2008-02
2019-10-10,2019,4,10,October,10,2019-Q4,2019-10
2019-11-11,2019,4,11,November,11,2019-Q4,2019-11
2018-05-06,2018,2,5,May,6,2018-Q2,2018-05
2014-09-25,2014,3,9,September,25,2014-Q3,2014-09
2019-11-14,2019,4,11,November,14,2019-Q4,2019-11
2019-09-14,2019,3,9,September,14,2019-Q3,2019-09
2015-04-28,2015,2,4,April,28,2015-Q2,2015-04
2015-04-29,2015,2,4,April,29,2015-Q2,2015-04
2020-01-21,2020,1,1,January,21,2020-Q1,2020-01
2020-01-24,2020,1,1,January,24,2020-Q1,2020-01
2020-01-28,2020,1,1,January,28,2020-Q1,2020-01
2020-04-20,2020,2,4,April,20,2020-Q2,2020-04
2020-02-27,2020,1,2,February,27,2020-Q1,2020-02
2020-05-03,2020,2,5,May,3,2020-Q2,2020-05
2020-06-03,2020,2,6,June,3,2020-Q2,2020-06
2020-03-18,2020,1,3,March,18,2020-Q1,2020-03
2020-03-25,2020,1,3,March,25,2020-Q1,2020-03
2008-02-20,2008,1,2,February,20,2008-Q1,2008-02
2013-04-29,2013,2,4,April,29,2013-Q2,2013-04
2020-04-29,2020,2,4,April,29,2020-Q2,2020-04
2020-05-19,2020,2,5,May,19,2020-Q2,2020-05
2020-06-15,2020,2,6,June,15,2020-Q2,2020-06
2016-07-07,2016,3,7,July,7,2016-Q3,2016-07
2020-07-21,2020,3,7,July,21,2020-Q3,2020-07
2021-08-01,2021,3,8,August,1,2021-Q3,2021-08
2020-08-16,2020,3,8,August,16,2020-Q3,2020-08
2009-04-12,2009,2,4,April,12,2009-Q2,2009-04
2020-09-09,2020,3,9,September,9,2020-Q3,2020-09
2014-06-25,2014,2,6,June,25,2014-Q2,2014-06
2021-12-02,2021,4,12,December,2,2021-Q4,2021-12
2021-05-25,2021,2,5,May,25,2021-Q2,2021-05
2011-06-17,2011,2,6,June,17,2011-Q2,2011-06
2008-06-20,2008,2,6,June,20,2008-Q2,2008-06
2013-10-28,2013,4,10,October,28,2013-Q4,2013-10
2013-02-28,2013,1,2,February,28,2013-Q1,2013-02
2013-11-09,2013,4,11,November,9,2013-Q4,2013-11
1992-07-13,1992,3,7,July,13,1992-Q3,1992-07
2020-09-11,2020,3,9,September,11,2020-Q3,2020-09
2020-04-10,2020,2,4,April,10,2020-Q2,2020-04
2020-10-25,2020,4,10,October,25,2020-Q4,2020-10
2004-04-25,2004,2,4,April,25,2004-Q2,2004-04
2015-08-04,2015,3,8,August,4,2015-Q3,2015-08
2009-07-29,2009,3,7,July,29,2009-Q3,2009-07
2015-05-28,2015,2,5,May,28,2015-Q2,2015-05
2017-09-26,2017,3,9,September,26,2017-Q3,2017-09
2018-05-25,2018,2,5,May,25,2018-Q2,2018-05
2025-06-11,2025,2,6,June,11,2025-Q2,2025-06
2008-05-23,2008,2,5,May,23,2008-Q2,2008-05
2011-11-19,2011,4,11,November,19,2011-Q4,2011-11
2005-07-07,2005,3,7,July,7,2005-Q3,2005-07
2015-01-04,2015,1,1,January,4,2015-Q1,2015-01
2013-12-17,2013,4,12,December,17,2013-Q4,2013-12
2006-04-10,2006,2,4,April,10,2006-Q2,2006-04
2014-10-30,2014,4,10,October,30,2014-Q4,2014-10
2009-06-16,2009,2,6,June,16,2009-Q2,2009-06
2014-06-08,2014,2,6,June,8,2014-Q2,2014-06
2003-11-03,2003,4,11,November,3,2003-Q4,2003-11
1991-05-23,1991,2,5,May,23,1991-Q2,1991-05
2009-07-07,2009,3,7,July,7,2009-Q3,2009-07
2005-01-21,2005,1,1,January,21,2005-Q1,2005-01
2010-07-05,2010,3,7,July,5,2010-Q3,2010-07
2014-02-27,2014,1,2,February,27,2014-Q1,2014-02
2011-12-05,2011,4,12,December,5,2011-Q4,2011-12
2018-05-29,2018,2,5,May,29,2018-Q2,2018-05
2011-08-19,2011,3,8,August,19,2011-Q3,2011-08
2012-08-22,2012,3,8,August,22,2012-Q3,2012-08
2011-10-14,2011,4,10,October,14,2011-Q4,2011-10
2014-01-30,2014,1,1,January,30,2014-Q1,2014-01
2011-01-08,2011,1,1,January,8,2011-Q1,2011-01
2000-09-28,2000,3,9,September,28,2000-Q3,2000-09
2013-07-15,2013,3,7,July,15,2013-Q3,2013-07
2015-02-18,2015,1,2,February,18,2015-Q1,2015-02
2002-01-16,2002,1,1,January,16,2002-Q1,2002-01
2007-10-12,2007,4,10,October,12,2007-Q4,2007-10
2014-02-26,2014,1,2,February,26,2014-Q1,2014-02
1996-05-14,1996,2,5,May,14,1996-Q2,1996-05
2016-05-27,2016,2,5,May,27,2016-Q2,2016-05
2009-07-27,2009,3,7,July,27,2009-Q3,2009-07
2000-09-25,2000,3,9,September,25,2000-Q3,2000-09
2014-03-27,2014,1,3,March,27,2014-Q1,2014-03
2007-03-15,2007,1,3,March,15,2007-Q1,2007-03
2018-10-18,2018,4,10,October,18,2018-Q4,2018-10
2010-09-20,2010,3,9,September,20,2010-Q3,2010-09
2015-07-28,2015,3,7,July,28,2015-Q3,2015-07
1998-05-19,1998,2,5,May,19,1998-Q2,1998-05
2004-11-17,2004,4,11,November,17,2004-Q4,2004-11
2013-08-26,2013,3,8,August,26,2013-Q3,2013-08
2016-11-18,2016,4,11,November,18,2016-Q4,2016-11
2016-12-19,2016,4,12,December,19,2016-Q4,2016-12
2011-04-26,2011,2,4,April,26,2011-Q2,2011-04
2010-05-27,2010,2,5,May,27,2010-Q2,2010-05
2003-12-19,2003,4,12,December,19,2003-Q4,2003-12
1999-12-13,1999,4,12,December,13,1999-Q4,1999-12
2012-03-16,2012,1,3,March,16,2012-Q1,2012-03
2012-11-22,2012,4,11,November,22,2012-Q4,2012-11
2018-07-08,2018,3,7,July,8,2018-Q3,2018-07
2013-09-04,2013,3,9,September,4,2013-Q3,2013-09
2013-05-23,2013,2,5,May,23,2013-Q2,2013-05
2000-05-16,2000,2,5,May,16,2000-Q2,2000-05
2009-10-27,2009,4,10,October,27,2009-Q4,2009-10
2009-08-12,2009,3,8,August,12,2009-Q3,2009-08
2018-07-28,2018,3,7,July,28,2018-Q3,2018-07
2015-04-13,2015,2,4,April,13,2015-Q2,2015-04
2017-04-13,2017,2,4,April,13,2017-Q2,2017-04
2017-06-29,2017,2,6,June,29,2017-Q2,2017-06
2000-11-28,2000,4,11,November,28,2000-Q4,2000-11
2013-07-10,2013,3,7,July,10,2013-Q3,2013-07
2013-03-08,2013,1,3,March,8,2013-Q1,2013-03
1998-03-07,1998,1,3,March,7,1998-Q1,1998-03
2006-08-24,2006,3,8,August,24,2006-Q3,2006-08
2003-04-11,2003,2,4,April,11,2003-Q2,2003-04
2017-06-22,2017,2,6,June,22,2017-Q2,2017-06
2011-04-08,2011,2,4,April,8,2011-Q2,2011-04
2007-04-24,2007,2,4,April,24,2007-Q2,2007-04
2017-06-26,2017,2,6,June,26,2017-Q2,2017-06
1996-11-20,1996,4,11,November,20,1996-Q4,1996-11
2000-06-16,2000,2,6,June,16,2000-Q2,2000-06
2001-04-19,2001,2,4,April,19,2001-Q2,2001-04
2004-06-09,2004,2,6,June,9,2004-Q2,2004-06
2012-09-10,2012,3,9,September,10,2012-Q3,2012-09
2011-07-04,2011,3,7,July,4,2011-Q3,2011-07
2010-12-06,2010,4,12,December,6,2010-Q4,2010-12
2004-04-28,2004,2,4,April,28,2004-Q2,2004-04
2015-12-30,2015,4,12,December,30,2015-Q4,2015-12
2004-07-30,2004,3,7,July,30,2004-Q3,2004-07
2004-03-18,2004,1,3,March,18,2004-Q1,2004-03
1993-01-01,1993,1,1,January,1,1993-Q1,1993-01
1996-01-07,1996,1,1,January,7,1996-Q1,1996-01
2014-05-09,2014,2,5,May,9,2014-Q2,2014-05
2014-01-01,2014,1,1,January,1,2014-Q1,2014-01
2015-12-14,2015,4,12,December,14,2015-Q4,2015-12
2014-07-04,2014,3,7,July,4,2014-Q3,2014-07
2016-08-16,2016,3,8,August,16,2016-Q3,2016-08
2017-07-03,2017,3,7,July,3,2017-Q3,2017-07
2002-09-04,2002,3,9,September,4,2002-Q3,2002-09
2007-08-27,2007,3,8,August,27,2007-Q3,2007-08
2015-12-06,2015,4,12,December,6,2015-Q4,2015-12
2020-12-30,2020,4,12,December,30,2020-Q4,2020-12
2021-07-22,2021,3,7,July,22,2021-Q3,2021-07
2021-12-03,2021,4,12,December,3,2021-Q4,2021-12
2021-04-15,2021,2,4,April,15,2021-Q2,2021-04
2021-04-26,2021,2,4,April,26,2021-Q2,2021-04
2021-04-23,2021,2,4,April,23,2021-Q2,2021-04
2021-01-16,2021,1,1,January,16,2021-Q1,2021-01
2021-04-06,2021,2,4,April,6,2021-Q2,2021-04
2021-05-20,2021,2,5,May,20,2021-Q2,2021-05
2021-06-14,2021,2,6,June,14,2021-Q2,2021-06
2021-10-06,2021,4,10,October,6,2021-Q4,2021-10
2021-07-16,2021,3,7,July,16,2021-Q3,2021-07
2021-07-08,2021,3,7,July,8,2021-Q3,2021-07
2021-08-16,2021,3,8,August,16,2021-Q3,2021-08
2021-08-26,2021,3,8,August,26,2021-Q3,2021-08
2021-10-15,2021,4,10,October,15,2021-Q4,2021-10
2021-03-11,2021,1,3,March,11,2021-Q1,2021-03
2022-02-20,2022,1,2,February,20,2022-Q1,2022-02
2021-11-13,2021,4,11,November,13,2021-Q4,2021-11
2022-03-23,2022,1,3,March,23,2022-Q1,2022-03
2021-12-20,2021,4,12,December,20,2021-Q4,2021-12
2021-12-30,2021,4,12,December,30,2021-Q4,2021-12
2016-08-28,2016,3,8,August,28,2016-Q3,2016-08
2005-03-31,2005,1,3,March,31,2005-Q1,2005-03
2014-09-12,2014,3,9,September,12,2014-Q3,2014-09
2006-10-11,2006,4,10,October,11,2006-Q4,2006-10
2020-11-29,2020,4,11,November,29,2020-Q4,2020-11
2004-12-05,2004,4,12,December,5,2004-Q4,2004-12
1996-01-04,1996,1,1,January,4,1996-Q1,1996-01
2007-10-17,2007,4,10,October,17,2007-Q4,2007-10
2002-05-07,2002,2,5,May,7,2002-Q2,2002-05
2022-04-03,2022,2,4,April,3,2022-Q2,2022-04
2022-02-25,2022,1,2,February,25,2022-Q1,2022-02
2025-10-26,2025,4,10,October,26,2025-Q4,2025-10
2022-03-05,2022,1,3,March,5,2022-Q1,2022-03
2003-01-01,2003,1,1,January,1,2003-Q1,2003-01
2022-11-05,2022,4,11,November,5,2022-Q4,2022-11
2022-08-06,2022,3,8,August,6,2022-Q3,2022-08
2022-07-26,2022,3,7,July,26,2022-Q3,2022-07
1994-05-07,1994,2,5,May,7,1994-Q2,1994-05
2022-11-04,2022,4,11,November,4,2022-Q4,2022-11
2004-04-30,2004,2,4,April,30,2004-Q2,2004-04
2022-12-04,2022,4,12,December,4,2022-Q4,2022-12
2022-08-20,2022,3,8,August,20,2022-Q3,2022-08
2022-02-05,2022,1,2,February,5,2022-Q1,2022-02
2022-09-29,2022,3,9,September,29,2022-Q3,2022-09
2022-05-13,2022,2,5,May,13,2022-Q2,2022-05
2024-07-03,2024,3,7,July,3,2024-Q3,2024-07
2022-10-10,2022,4,10,October,10,2022-Q4,2022-10
2022-09-22,2022,3,9,September,22,2022-Q3,2022-09
2022-02-07,2022,1,2,February,7,2022-Q1,2022-02
2022-05-07,2022,2,5,May,7,2022-Q2,2022-05
2023-02-04,2023,1,2,February,4,2023-Q1,2023-02
2022-09-16,2022,3,9,September,16,2022-Q3,2022-09
2023-04-19,2023,2,4,April,19,2023-Q2,2023-04
2022-01-11,2022,1,1,January,11,2022-Q1,2022-01
2023-10-01,2023,4,10,October,1,2023-Q4,2023-10
2022-06-09,2022,2,6,June,9,2022-Q2,2022-06
2022-07-31,2022,3,7,July,31,2022-Q3,2022-07
2023-11-20,2023,4,11,November,20,2023-Q4,2023-11
2022-03-09,2022,1,3,March,9,2022-Q1,2022-03
2023-10-04,2023,4,10,October,4,2023-Q4,2023-10
2022-07-12,2022,3,7,July,12,2022-Q3,2022-07
2022-12-10,2022,4,12,December,10,2022-Q4,2022-12
2022-10-25,2022,4,10,October,25,2022-Q4,2022-10
2022-09-19,2022,3,9,September,19,2022-Q3,2022-09
2022-09-24,2022,3,9,September,24,2022-Q3,2022-09
2023-02-16,2023,1,2,February,16,2023-Q1,2023-02
2022-11-15,2022,4,11,November,15,2022-Q4,2022-11
2023-04-01,2023,2,4,April,1,2023-Q2,2023-04
2023-02-07,2023,1,2,February,7,2023-Q1,2023-02
2023-06-26,2023,2,6,June,26,2023-Q2,2023-06
2024-02-09,2024,1,2,February,9,2024-Q1,2024-02
2023-08-31,2023,3,8,August,31,2023-Q3,2023-08
2022-12-24,2022,4,12,December,24,2022-Q4,2022-12
2023-04-02,2023,2,4,April,2,2023-Q2,2023-04
2023-04-17,2023,2,4,April,17,2023-Q2,2023-04
2023-04-26,2023,2,4,April,26,2023-Q2,2023-04
2023-07-11,2023,3,7,July,11,2023-Q3,2023-07
2023-01-26,2023,1,1,January,26,2023-Q1,2023-01
2001-01-06,2001,1,1,January,6,2001-Q1,2001-01
2023-05-15,2023,2,5,May,15,2023-Q2,2023-05
2023-04-16,2023,2,4,April,16,2023-Q2,2023-04
2023-09-04,2023,3,9,September,4,2023-Q3,2023-09
2024-11-28,2024,4,11,November,28,2024-Q4,2024-11
2023-05-14,2023,2,5,May,14,2023-Q2,2023-05
2023-04-27,2023,2,4,April,27,2023-Q2,2023-04
2026-01-07,2026,1,1,January,7,2026-Q1,2026-01
2023-06-18,2023,2,6,June,18,2023-Q2,2023-06
2023-05-29,2023,2,5,May,29,2023-Q2,2023-05
2023-08-18,2023,3,8,August,18,2023-Q3,2023-08
2024-08-31,2024,3,8,August,31,2024-Q3,2024-08
2024-09-01,2024,3,9,September,1,2024-Q3,2024-09
2024-05-28,2024,2,5,May,28,2024-Q2,2024-05
2023-12-10,2023,4,12,December,10,2023-Q4,2023-12
2024-03-05,2024,1,3,March,5,2024-Q1,2024-03
2023-09-08,2023,3,9,September,8,2023-Q3,2023-09
2023-05-10,2023,2,5,May,10,2023-Q2,2023-05
2024-11-04,2024,4,11,November,4,2024-Q4,2024-11
2024-07-11,2024,3,7,July,11,2024-Q3,2024-07
2024-03-21,2024,1,3,March,21,2024-Q1,2024-03
2024-02-02,2024,1,2,February,2,2024-Q1,2024-02
2024-09-10,2024,3,9,September,10,2024-Q3,2024-09
2024-10-05,2024,4,10,October,5,2024-Q4,2024-10
2024-03-16,2024,1,3,March,16,2024-Q1,2024-03
2024-05-25,2024,2,5,May,25,2024-Q2,2024-05
2014-07-25,2014,3,7,July,25,2014-Q3,2014-07
2018-10-31,2018,4,10,October,31,2018-Q4,2018-10
2002-12-16,2002,4,12,December,16,2002-Q4,2002-12
2011-08-06,2011,3,8,August,6,2011-Q3,2011-08
2016-05-23,2016,2,5,May,23,2016-Q2,2016-05
2013-02-18,2013,1,2,February,18,2013-Q1,2013-02
2010-06-30,2010,2,6,June,30,2010-Q2,2010-06
2016-09-23,2016,3,9,September,23,2016-Q3,2016-09
2019-05-15,2019,2,5,May,15,2019-Q2,2019-05
2018-10-23,2018,4,10,October,23,2018-Q4,2018-10
2015-10-12,2015,4,10,October,12,2015-Q4,2015-10
2010-05-11,2010,2,5,May,11,2010-Q2,2010-05
2019-02-28,2019,1,2,February,28,2019-Q1,2019-02
2018-08-19,2018,3,8,August,19,2018-Q3,2018-08
2008-04-09,2008,2,4,April,9,2008-Q2,2008-04
2015-09-28,2015,3,9,September,28,2015-Q3,2015-09
2011-12-22,2011,4,12,December,22,2011-Q4,2011-12
2017-11-23,2017,4,11,November,23,2017-Q4,2017-11
2019-03-22,2019,1,3,March,22,2019-Q1,2019-03
2018-11-13,2018,4,11,November,13,2018-Q4,2018-11
2010-01-12,2010,1,1,January,12,2010-Q1,2010-01
2018-04-12,2018,2,4,April,12,2018-Q2,2018-04
2009-09-29,2009,3,9,September,29,2009-Q3,2009-09
2011-04-19,2011,2,4,April,19,2011-Q2,2011-04
2016-10-20,2016,4,10,October,20,2016-Q4,2016-10
2011-12-21,2011,4,12,December,21,2011-Q4,2011-12
2009-12-31,2009,4,12,December,31,2009-Q4,2009-12
2010-06-25,2010,2,6,June,25,2010-Q2,2010-06
2019-10-05,2019,4,10,October,5,2019-Q4,2019-10
2015-02-10,2015,1,2,February,10,2015-Q1,2015-02
2017-07-28,2017,3,7,July,28,2017-Q3,2017-07
2019-05-24,2019,2,5,May,24,2019-Q2,2019-05
2010-12-30,2010,4,12,December,30,2010-Q4,2010-12
2013-02-14,2013,1,2,February,14,2013-Q1,2013-02
2008-10-06,2008,4,10,October,6,2008-Q4,2008-10
2015-09-06,2015,3,9,September,6,2015-Q3,2015-09
2019-06-15,2019,2,6,June,15,2019-Q2,2019-06
2019-11-07,2019,4,11,November,7,2019-Q4,2019-11
2002-05-03,2002,2,5,May,3,2002-Q2,2002-05
2014-06-05,2014,2,6,June,5,2014-Q2,2014-06
2007-09-05,2007,3,9,September,5,2007-Q3,2007-09
2017-06-07,2017,2,6,June,7,2017-Q2,2017-06
2009-10-09,2009,4,10,October,9,2009-Q4,2009-10
2004-12-10,2004,4,12,December,10,2004-Q4,2004-12
2019-08-19,2019,3,8,August,19,2019-Q3,2019-08
2003-04-28,2003,2,4,April,28,2003-Q2,2003-04
2014-05-02,2014,2,5,May,2,2014-Q2,2014-05
2019-09-19,2019,3,9,September,19,2019-Q3,2019-09
2020-09-01,2020,3,9,September,1,2020-Q3,2020-09
2017-03-22,2017,1,3,March,22,2017-Q1,2017-03
2017-05-17,2017,2,5,May,17,2017-Q2,2017-05
2001-09-27,2001,3,9,September,27,2001-Q3,2001-09
2017-10-05,2017,4,10,October,5,2017-Q4,2017-10
2018-01-03,2018,1,1,January,3,2018-Q1,2018-01
2013-09-24,2013,3,9,September,24,2013-Q3,2013-09
2019-10-14,2019,4,10,October,14,2019-Q4,2019-10
2008-11-12,2008,4,11,November,12,2008-Q4,2008-11
2018-01-04,2018,1,1,January,4,2018-Q1,2018-01
2016-08-15,2016,3,8,August,15,2016-Q3,2016-08
2020-11-30,2020,4,11,November,30,2020-Q4,2020-11
2014-07-23,2014,3,7,July,23,2014-Q3,2014-07
2014-06-27,2014,2,6,June,27,2014-Q2,2014-06
2014-07-28,2014,3,7,July,28,2014-Q3,2014-07
2019-01-12,2019,1,1,January,12,2019-Q1,2019-01
2012-08-28,2012,3,8,August,28,2012-Q3,2012-08
2016-04-28,2016,2,4,April,28,2016-Q2,2016-04
2014-08-29,2014,3,8,August,29,2014-Q3,2014-08
2019-12-13,2019,4,12,December,13,2019-Q4,2019-12
2021-06-05,2021,2,6,June,5,2021-Q2,2021-06
2009-11-16,2009,4,11,November,16,2009-Q4,2009-11
2011-11-22,2011,4,11,November,22,2011-Q4,2011-11
2020-04-04,2020,2,4,April,4,2020-Q2,2020-04
2017-10-16,2017,4,10,October,16,2017-Q4,2017-10
2010-03-24,2010,1,3,March,24,2010-Q1,2010-03
2020-02-25,2020,1,2,February,25,2020-Q1,2020-02
2009-05-19,2009,2,5,May,19,2009-Q2,2009-05
2020-03-17,2020,1,3,March,17,2020-Q1,2020-03
2020-04-24,2020,2,4,April,24,2020-Q2,2020-04
2020-02-04,2020,1,2,February,4,2020-Q1,2020-02
2006-12-15,2006,4,12,December,15,2006-Q4,2006-12
2011-05-23,2011,2,5,May,23,2011-Q2,2011-05
2020-04-05,2020,2,4,April,5,2020-Q2,2020-04
2012-09-25,2012,3,9,September,25,2012-Q3,2012-09
2011-11-29,2011,4,11,November,29,2011-Q4,2011-11
2020-07-16,2020,3,7,July,16,2020-Q3,2020-07
2020-07-29,2020,3,7,July,29,2020-Q3,2020-07
2020-05-08,2020,2,5,May,8,2020-Q2,2020-05
2020-08-31,2020,3,8,August,31,2020-Q3,2020-08
2020-11-13,2020,4,11,November,13,2020-Q4,2020-11
1992-08-13,1992,3,8,August,13,1992-Q3,1992-08
2009-08-27,2009,3,8,August,27,2009-Q3,2009-08
2012-10-26,2012,4,10,October,26,2012-Q4,2012-10
2008-10-21,2008,4,10,October,21,2008-Q4,2008-10
2020-05-09,2020,2,5,May,9,2020-Q2,2020-05
2004-03-02,2004,1,3,March,2,2004-Q1,2004-03
2023-01-09,2023,1,1,January,9,2023-Q1,2023-01
2004-01-16,2004,1,1,January,16,2004-Q1,2004-01
2020-06-11,2020,2,6,June,11,2020-Q2,2020-06
2002-11-28,2002,4,11,November,28,2002-Q4,2002-11
2008-04-16,2008,2,4,April,16,2008-Q2,2008-04
2006-05-26,2006,2,5,May,26,2006-Q2,2006-05
2011-11-21,2011,4,11,November,21,2011-Q4,2011-11
2011-05-26,2011,2,5,May,26,2011-Q2,2011-05
2014-05-13,2014,2,5,May,13,2014-Q2,2014-05
2012-10-31,2012,4,10,October,31,2012-Q4,2012-10
2011-07-28,2011,3,7,July,28,2011-Q3,2011-07
2008-06-30,2008,2,6,June,30,2008-Q2,2008-06
2011-12-13,2011,4,12,December,13,2011-Q4,2011-12
2012-10-23,2012,4,10,October,23,2012-Q4,2012-10
1999-12-10,1999,4,12,December,10,1999-Q4,1999-12
2015-08-05,2015,3,8,August,5,2015-Q3,2015-08
2021-02-16,2021,1,2,February,16,2021-Q1,2021-02
2018-09-13,2018,3,9,September,13,2018-Q3,2018-09
2013-11-25,2013,4,11,November,25,2013-Q4,2013-11
2001-02-07,2001,1,2,February,7,2001-Q1,2001-02
2012-07-17,2012,3,7,July,17,2012-Q3,2012-07
2014-06-18,2014,2,6,June,18,2014-Q2,2014-06
2010-07-04,2010,3,7,July,4,2010-Q3,2010-07
2008-09-07,2008,3,9,September,7,2008-Q3,2008-09
2019-08-01,2019,3,8,August,1,2019-Q3,2019-08
2012-09-18,2012,3,9,September,18,2012-Q3,2012-09
2013-12-15,2013,4,12,December,15,2013-Q4,2013-12
2011-04-18,2011,2,4,April,18,2011-Q2,2011-04
2012-11-24,2012,4,11,November,24,2012-Q4,2012-11
2018-07-21,2018,3,7,July,21,2018-Q3,2018-07
2017-07-16,2017,3,7,July,16,2017-Q3,2017-07
2016-09-22,2016,3,9,September,22,2016-Q3,2016-09
2013-03-05,2013,1,3,March,5,2013-Q1,2013-03
2007-08-17,2007,3,8,August,17,2007-Q3,2007-08
2009-11-07,2009,4,11,November,7,2009-Q4,2009-11
2018-03-15,2018,1,3,March,15,2018-Q1,2018-03
2010-06-26,2010,2,6,June,26,2010-Q2,2010-06
2011-02-24,2011,1,2,February,24,2011-Q1,2011-02
2010-03-09,2010,1,3,March,9,2010-Q1,2010-03
2008-10-12,2008,4,10,October,12,2008-Q4,2008-10
2013-02-01,2013,1,2,February,1,2013-Q1,2013-02
1992-07-30,1992,3,7,July,30,1992-Q3,1992-07
2018-05-02,2018,2,5,May,2,2018-Q2,2018-05
2012-05-06,2012,2,5,May,6,2012-Q2,2012-05
2001-11-26,2001,4,11,November,26,2001-Q4,2001-11
2016-05-13,2016,2,5,May,13,2016-Q2,2016-05
1999-09-11,1999,3,9,September,11,1999-Q3,1999-09
2017-05-26,2017,2,5,May,26,2017-Q2,2017-05
2002-08-11,2002,3,8,August,11,2002-Q3,2002-08
2016-02-19,2016,1,2,February,19,2016-Q1,2016-02
2016-07-29,2016,3,7,July,29,2016-Q3,2016-07
2013-09-30,2013,3,9,September,30,2013-Q3,2013-09
2011-09-28,2011,3,9,September,28,2011-Q3,2011-09
2011-04-14,2011,2,4,April,14,2011-Q2,2011-04
2012-03-19,2012,1,3,March,19,2012-Q1,2012-03
1999-10-14,1999,4,10,October,14,1999-Q4,1999-10
2014-11-04,2014,4,11,November,4,2014-Q4,2014-11
2008-10-16,2008,4,10,October,16,2008-Q4,2008-10
2015-09-10,2015,3,9,September,10,2015-Q3,2015-09
2017-07-06,2017,3,7,July,6,2017-Q3,2017-07
2011-06-23,2011,2,6,June,23,2011-Q2,2011-06
2009-05-29,2009,2,5,May,29,2009-Q2,2009-05
2013-06-04,2013,2,6,June,4,2013-Q2,2013-06
2011-10-02,2011,4,10,October,2,2011-Q4,2011-10
2002-10-16,2002,4,10,October,16,2002-Q4,2002-10
2001-04-27,2001,2,4,April,27,2001-Q2,2001-04
2016-03-14,2016,1,3,March,14,2016-Q1,2016-03
2009-10-15,2009,4,10,October,15,2009-Q4,2009-10
2003-04-22,2003,2,4,April,22,2003-Q2,2003-04
2007-07-11,2007,3,7,July,11,2007-Q3,2007-07
2013-12-28,2013,4,12,December,28,2013-Q4,2013-12
2015-01-20,2015,1,1,January,20,2015-Q1,2015-01
2017-01-21,2017,1,1,January,21,2017-Q1,2017-01
2012-08-24,2012,3,8,August,24,2012-Q3,2012-08
2015-11-08,2015,4,11,November,8,2015-Q4,2015-11
2004-07-09,2004,3,7,July,9,2004-Q3,2004-07
2004-02-27,2004,1,2,February,27,2004-Q1,2004-02
2021-10-05,2021,4,10,October,5,2021-Q4,2021-10
2013-04-12,2013,2,4,April,12,2013-Q2,2013-04
2005-06-12,2005,2,6,June,12,2005-Q2,2005-06
2014-10-04,2014,4,10,October,4,2014-Q4,2014-10
1999-05-12,1999,2,5,May,12,1999-Q2,1999-05
2007-09-07,2007,3,9,September,7,2007-Q3,2007-09
2010-05-16,2010,2,5,May,16,2010-Q2,2010-05
2018-01-08,2018,1,1,January,8,2018-Q1,2018-01
2004-12-16,2004,4,12,December,16,2004-Q4,2004-12
2004-05-14,2004,2,5,May,14,2004-Q2,2004-05
2009-04-17,2009,2,4,April,17,2009-Q2,2009-04
1999-08-31,1999,3,8,August,31,1999-Q3,1999-08
2021-11-01,2021,4,11,November,1,2021-Q4,2021-11
2018-08-22,2018,3,8,August,22,2018-Q3,2018-08
2014-02-17,2014,1,2,February,17,2014-Q1,2014-02
1998-10-30,1998,4,10,October,30,1998-Q4,1998-10
2018-09-28,2018,3,9,September,28,2018-Q3,2018-09
2015-03-07,2015,1,3,March,7,2015-Q1,2015-03
2000-07-26,2000,3,7,July,26,2000-Q3,2000-07
2013-05-12,2013,2,5,May,12,2013-Q2,2013-05
2014-10-15,2014,4,10,October,15,2014-Q4,2014-10
2003-01-15,2003,1,1,January,15,2003-Q1,2003-01
1999-06-08,1999,2,6,June,8,1999-Q2,1999-06
2018-05-22,2018,2,5,May,22,2018-Q2,2018-05
2013-03-01,2013,1,3,March,1,2013-Q1,2013-03
2013-09-10,2013,3,9,September,10,2013-Q3,2013-09
2018-08-10,2018,3,8,August,10,2018-Q3,2018-08
2015-09-21,2015,3,9,September,21,2015-Q3,2015-09
2018-09-01,2018,3,9,September,1,2018-Q3,2018-09
2015-04-22,2015,2,4,April,22,2015-Q2,2015-04
2001-10-25,2001,4,10,October,25,2001-Q4,2001-10
2013-08-14,2013,3,8,August,14,2013-Q3,2013-08
2000-11-14,2000,4,11,November,14,2000-Q4,2000-11
2016-10-02,2016,4,10,October,2,2016-Q4,2016-10
2008-02-07,2008,1,2,February,7,2008-Q1,2008-02
2021-02-26,2021,1,2,February,26,2021-Q1,2021-02
1994-04-07,1994,2,4,April,7,1994-Q2,1994-04
2009-05-25,2009,2,5,May,25,2009-Q2,2009-05
2022-01-09,2022,1,1,January,9,2022-Q1,2022-01
2007-08-03,2007,3,8,August,3,2007-Q3,2007-08
2014-03-25,2014,1,3,March,25,2014-Q1,2014-03
2021-10-03,2021,4,10,October,3,2021-Q4,2021-10
2006-10-18,2006,4,10,October,18,2006-Q4,2006-10
2007-01-08,2007,1,1,January,8,2007-Q1,2007-01
2021-11-23,2021,4,11,November,23,2021-Q4,2021-11
2014-06-23,2014,2,6,June,23,2014-Q2,2014-06
2022-07-07,2022,3,7,July,7,2022-Q3,2022-07
2021-07-23,2021,3,7,July,23,2021-Q3,2021-07
2022-07-02,2022,3,7,July,2,2022-Q3,2022-07
2021-08-09,2021,3,8,August,9,2021-Q3,2021-08
2021-09-25,2021,3,9,September,25,2021-Q3,2021-09
2010-06-15,2010,2,6,June,15,2010-Q2,2010-06
2021-10-27,2021,4,10,October,27,2021-Q4,2021-10
2021-12-11,2021,4,12,December,11,2021-Q4,2021-12
2021-03-12,2021,1,3,March,12,2021-Q1,2021-03
2022-01-24,2022,1,1,January,24,2022-Q1,2022-01
2003-06-25,2003,2,6,June,25,2003-Q2,2003-06
2009-05-05,2009,2,5,May,5,2009-Q2,2009-05
2013-05-21,2013,2,5,May,21,2013-Q2,2013-05
2001-03-16,2001,1,3,March,16,2001-Q1,2001-03
2013-11-23,2013,4,11,November,23,2013-Q4,2013-11
2022-02-16,2022,1,2,February,16,2022-Q1,2022-02
2007-03-13,2007,1,3,March,13,2007-Q1,2007-03
2016-04-19,2016,2,4,April,19,2016-Q2,2016-04
2022-03-01,2022,1,3,March,1,2022-Q1,2022-03
2017-09-22,2017,3,9,September,22,2017-Q3,2017-09
2016-10-08,2016,4,10,October,8,2016-Q4,2016-10
2022-04-21,2022,2,4,April,21,2022-Q2,2022-04
2012-03-04,2012,1,3,March,4,2012-Q1,2012-03
2007-02-10,2007,1,2,February,10,2007-Q1,2007-02
2016-01-03,2016,1,1,January,3,2016-Q1,2016-01
2012-07-26,2012,3,7,July,26,2012-Q3,2012-07
2001-04-07,2001,2,4,April,7,2001-Q2,2001-04
2022-06-04,2022,2,6,June,4,2022-Q2,2022-06
2022-01-04,2022,1,1,January,4,2022-Q1,2022-01
2022-05-16,2022,2,5,May,16,2022-Q2,2022-05
2022-04-05,2022,2,4,April,5,2022-Q2,2022-04
2022-01-05,2022,1,1,January,5,2022-Q1,2022-01
2022-08-09,2022,3,8,August,9,2022-Q3,2022-08
2022-05-29,2022,2,5,May,29,2022-Q2,2022-05
2022-09-06,2022,3,9,September,6,2022-Q3,2022-09
2022-10-15,2022,4,10,October,15,2022-Q4,2022-10
2024-05-14,2024,2,5,May,14,2024-Q2,2024-05
2022-10-28,2022,4,10,October,28,2022-Q4,2022-10
2022-05-09,2022,2,5,May,9,2022-Q2,2022-05
2023-02-28,2023,1,2,February,28,2023-Q1,2023-02
2007-06-18,2007,2,6,June,18,2007-Q2,2007-06
2024-03-13,2024,1,3,March,13,2024-Q1,2024-03
2023-01-06,2023,1,1,January,6,2023-Q1,2023-01
2022-09-18,2022,3,9,September,18,2022-Q3,2022-09
2022-11-16,2022,4,11,November,16,2022-Q4,2022-11
2023-07-06,2023,3,7,July,6,2023-Q3,2023-07
2022-12-14,2022,4,12,December,14,2022-Q4,2022-12
2022-11-10,2022,4,11,November,10,2022-Q4,2022-11
2023-03-02,2023,1,3,March,2,2023-Q1,2023-03
2022-10-30,2022,4,10,October,30,2022-Q4,2022-10
2022-10-22,2022,4,10,October,22,2022-Q4,2022-10
2025-04-17,2025,2,4,April,17,2025-Q2,2025-04
2023-07-01,2023,3,7,July,1,2023-Q3,2023-07
2023-02-13,2023,1,2,February,13,2023-Q1,2023-02
2023-01-22,2023,1,1,January,22,2023-Q1,2023-01
2023-05-05,2023,2,5,May,5,2023-Q2,2023-05
2023-07-02,2023,3,7,July,2,2023-Q3,2023-07
2023-03-08,2023,1,3,March,8,2023-Q1,2023-03
2023-05-17,2023,2,5,May,17,2023-Q2,2023-05
2025-08-18,2025,3,8,August,18,2025-Q3,2025-08
2023-09-28,2023,3,9,September,28,2023-Q3,2023-09
2004-03-23,2004,1,3,March,23,2004-Q1,2004-03
2023-08-07,2023,3,8,August,7,2023-Q3,2023-08
2023-10-06,2023,4,10,October,6,2023-Q4,2023-10
2023-08-14,2023,3,8,August,14,2023-Q3,2023-08
2023-09-07,2023,3,9,September,7,2023-Q3,2023-09
2024-11-02,2024,4,11,November,2,2024-Q4,2024-11
2023-12-21,2023,4,12,December,21,2023-Q4,2023-12
2025-05-04,2025,2,5,May,4,2025-Q2,2025-05
2020-09-26,2020,3,9,September,26,2020-Q3,2020-09
2025-01-12,2025,1,1,January,12,2025-Q1,2025-01
2024-10-29,2024,4,10,October,29,2024-Q4,2024-10
2018-03-19,2018,1,3,March,19,2018-Q1,2018-03
2018-11-21,2018,4,11,November,21,2018-Q4,2018-11
2008-09-16,2008,3,9,September,16,2008-Q3,2008-09
2010-12-16,2010,4,12,December,16,2010-Q4,2010-12
2018-02-07,2018,1,2,February,7,2018-Q1,2018-02
2018-01-31,2018,1,1,January,31,2018-Q1,2018-01
2014-01-13,2014,1,1,January,13,2014-Q1,2014-01
2010-05-31,2010,2,5,May,31,2010-Q2,2010-05
2019-02-03,2019,1,2,February,3,2019-Q1,2019-02
1999-06-09,1999,2,6,June,9,1999-Q2,1999-06
2015-02-23,2015,1,2,February,23,2015-Q1,2015-02
2015-07-22,2015,3,7,July,22,2015-Q3,2015-07
2018-12-20,2018,4,12,December,20,2018-Q4,2018-12
2019-07-03,2019,3,7,July,3,2019-Q3,2019-07
2017-04-25,2017,2,4,April,25,2017-Q2,2017-04
2018-09-24,2018,3,9,September,24,2018-Q3,2018-09
2011-05-13,2011,2,5,May,13,2011-Q2,2011-05
2018-09-17,2018,3,9,September,17,2018-Q3,2018-09
2019-05-21,2019,2,5,May,21,2019-Q2,2019-05
2014-05-15,2014,2,5,May,15,2014-Q2,2014-05
2016-08-19,2016,3,8,August,19,2016-Q3,2016-08
2018-07-02,2018,3,7,July,2,2018-Q3,2018-07
2012-12-09,2012,4,12,December,9,2012-Q4,2012-12
2005-04-18,2005,2,4,April,18,2005-Q2,2005-04
2012-09-28,2012,3,9,September,28,2012-Q3,2012-09
2010-12-04,2010,4,12,December,4,2010-Q4,2010-12
2010-09-12,2010,3,9,September,12,2010-Q3,2010-09
2019-06-20,2019,2,6,June,20,2019-Q2,2019-06
2015-11-19,2015,4,11,November,19,2015-Q4,2015-11
2011-05-19,2011,2,5,May,19,2011-Q2,2011-05
2015-08-31,2015,3,8,August,31,2015-Q3,2015-08
2018-09-05,2018,3,9,September,5,2018-Q3,2018-09
2019-05-11,2019,2,5,May,11,2019-Q2,2019-05
2019-08-23,2019,3,8,August,23,2019-Q3,2019-08
2013-10-21,2013,4,10,October,21,2013-Q4,2013-10
2014-03-24,2014,1,3,March,24,2014-Q1,2014-03
2019-03-01,2019,1,3,March,1,2019-Q1,2019-03
2019-09-17,2019,3,9,September,17,2019-Q3,2019-09
2020-04-16,2020,2,4,April,16,2020-Q2,2020-04
2008-05-09,2008,2,5,May,9,2008-Q2,2008-05
2014-12-08,2014,4,12,December,8,2014-Q4,2014-12
2014-09-22,2014,3,9,September,22,2014-Q3,2014-09
2019-11-27,2019,4,11,November,27,2019-Q4,2019-11
2011-03-03,2011,1,3,March,3,2011-Q1,2011-03
2011-06-20,2011,2,6,June,20,2011-Q2,2011-06
2008-04-25,2008,2,4,April,25,2008-Q2,2008-04
2005-06-14,2005,2,6,June,14,2005-Q2,2005-06
2018-06-04,2018,2,6,June,4,2018-Q2,2018-06
2014-10-27,2014,4,10,October,27,2014-Q4,2014-10
2000-11-07,2000,4,11,November,7,2000-Q4,2000-11
2011-01-04,2011,1,1,January,4,2011-Q1,2011-01
2008-11-01,2008,4,11,November,1,2008-Q4,2008-11
2019-10-12,2019,4,10,October,12,2019-Q4,2019-10
2020-01-15,2020,1,1,January,15,2020-Q1,2020-01
2020-02-18,2020,1,2,February,18,2020-Q1,2020-02
2011-07-07,2011,3,7,July,7,2011-Q3,2011-07
2009-11-08,2009,4,11,November,8,2009-Q4,2009-11
2020-03-26,2020,1,3,March,26,2020-Q1,2020-03
2016-07-14,2016,3,7,July,14,2016-Q3,2016-07
2002-10-10,2002,4,10,October,10,2002-Q4,2002-10
2012-12-01,2012,4,12,December,1,2012-Q4,2012-12
2020-04-18,2020,2,4,April,18,2020-Q2,2020-04
2016-06-21,2016,2,6,June,21,2016-Q2,2016-06
2020-08-05,2020,3,8,August,5,2020-Q3,2020-08
2020-08-07,2020,3,8,August,7,2020-Q3,2020-08
2021-01-28,2021,1,1,January,28,2021-Q1,2021-01
2017-03-30,2017,1,3,March,30,2017-Q1,2017-03
2020-05-21,2020,2,5,May,21,2020-Q2,2020-05
2014-08-26,2014,3,8,August,26,2014-Q3,2014-08
2020-06-24,2020,2,6,June,24,2020-Q2,2020-06
2020-08-20,2020,3,8,August,20,2020-Q3,2020-08
2009-11-02,2009,4,11,November,2,2009-Q4,2009-11
2020-08-26,2020,3,8,August,26,2020-Q3,2020-08
2004-12-03,2004,4,12,December,3,2004-Q4,2004-12
2018-05-04,2018,2,5,May,4,2018-Q2,2018-05
2020-09-23,2020,3,9,September,23,2020-Q3,2020-09
2020-09-30,2020,3,9,September,30,2020-Q3,2020-09
2020-02-10,2020,1,2,February,10,2020-Q1,2020-02
2007-11-23,2007,4,11,November,23,2007-Q4,2007-11
2018-05-07,2018,2,5,May,7,2018-Q2,2018-05
2012-05-07,2012,2,5,May,7,2012-Q2,2012-05
2020-07-11,2020,3,7,July,11,2020-Q3,2020-07
2010-12-20,2010,4,12,December,20,2010-Q4,2010-12
2012-10-19,2012,4,10,October,19,2012-Q4,2012-10
2014-11-28,2014,4,11,November,28,2014-Q4,2014-11
2013-03-27,2013,1,3,March,27,2013-Q1,2013-03
2011-10-27,2011,4,10,October,27,2011-Q4,2011-10
2018-07-06,2018,3,7,July,6,2018-Q3,2018-07
2014-08-13,2014,3,8,August,13,2014-Q3,2014-08
2014-05-23,2014,2,5,May,23,2014-Q2,2014-05
2015-09-29,2015,3,9,September,29,2015-Q3,2015-09
2009-08-20,2009,3,8,August,20,2009-Q3,2009-08
2018-06-27,2018,2,6,June,27,2018-Q2,2018-06
2006-06-17,2006,2,6,June,17,2006-Q2,2006-06
2017-10-18,2017,4,10,October,18,2017-Q4,2017-10
1993-05-01,1993,2,5,May,1,1993-Q2,1993-05
1999-06-05,1999,2,6,June,5,1999-Q2,1999-06
2009-03-26,2009,1,3,March,26,2009-Q1,2009-03
2011-03-23,2011,1,3,March,23,2011-Q1,2011-03
2009-08-26,2009,3,8,August,26,2009-Q3,2009-08
2014-02-10,2014,1,2,February,10,2014-Q1,2014-02
2012-05-19,2012,2,5,May,19,2012-Q2,2012-05
2009-01-09,2009,1,1,January,9,2009-Q1,2009-01
2013-01-31,2013,1,1,January,31,2013-Q1,2013-01
2012-08-06,2012,3,8,August,6,2012-Q3,2012-08
2011-05-31,2011,2,5,May,31,2011-Q2,2011-05
2009-08-06,2009,3,8,August,6,2009-Q3,2009-08
2008-04-22,2008,2,4,April,22,2008-Q2,2008-04
2020-01-05,2020,1,1,January,5,2020-Q1,2020-01
2011-03-09,2011,1,3,March,9,2011-Q1,2011-03
2017-06-16,2017,2,6,June,16,2017-Q2,2017-06
2011-08-15,2011,3,8,August,15,2011-Q3,2011-08
2010-10-02,2010,4,10,October,2,2010-Q4,2010-10
2021-01-11,2021,1,1,January,11,2021-Q1,2021-01
2009-08-05,2009,3,8,August,5,2009-Q3,2009-08
2012-03-17,2012,1,3,March,17,2012-Q1,2012-03
2010-12-03,2010,4,12,December,3,2010-Q4,2010-12
2011-10-22,2011,4,10,October,22,2011-Q4,2011-10
2000-07-07,2000,3,7,July,7,2000-Q3,2000-07
2011-04-04,2011,2,4,April,4,2011-Q2,2011-04
2016-11-04,2016,4,11,November,4,2016-Q4,2016-11
2014-05-12,2014,2,5,May,12,2014-Q2,2014-05
2012-06-27,2012,2,6,June,27,2012-Q2,2012-06
2016-06-10,2016,2,6,June,10,2016-Q2,2016-06
2003-01-10,2003,1,1,January,10,2003-Q1,2003-01
2016-04-21,2016,2,4,April,21,2016-Q2,2016-04
2017-03-24,2017,1,3,March,24,2017-Q1,2017-03
2007-08-24,2007,3,8,August,24,2007-Q3,2007-08
2011-04-27,2011,2,4,April,27,2011-Q2,2011-04
2014-07-16,2014,3,7,July,16,2014-Q3,2014-07
2011-06-04,2011,2,6,June,4,2011-Q2,2011-06
2014-04-08,2014,2,4,April,8,2014-Q2,2014-04
2004-07-27,2004,3,7,July,27,2004-Q3,2004-07
2008-09-05,2008,3,9,September,5,2008-Q3,2008-09
2015-05-03,2015,2,5,May,3,2015-Q2,2015-05
2007-03-29,2007,1,3,March,29,2007-Q1,2007-03
2007-07-19,2007,3,7,July,19,2007-Q3,2007-07
2016-09-05,2016,3,9,September,5,2016-Q3,2016-09
2010-08-04,2010,3,8,August,4,2010-Q3,2010-08
2010-04-24,2010,2,4,April,24,2010-Q2,2010-04
2008-03-06,2008,1,3,March,6,2008-Q1,2008-03
2016-09-28,2016,3,9,September,28,2016-Q3,2016-09
2003-12-09,2003,4,12,December,9,2003-Q4,2003-12
2007-09-11,2007,3,9,September,11,2007-Q3,2007-09
2008-08-19,2008,3,8,August,19,2008-Q3,2008-08
2014-11-24,2014,4,11,November,24,2014-Q4,2014-11
2000-04-13,2000,2,4,April,13,2000-Q2,2000-04
2004-11-15,2004,4,11,November,15,2004-Q4,2004-11
1999-05-08,1999,2,5,May,8,1999-Q2,1999-05
1999-07-05,1999,3,7,July,5,1999-Q3,1999-07
2014-11-12,2014,4,11,November,12,2014-Q4,2014-11
2002-08-22,2002,3,8,August,22,2002-Q3,2002-08
2000-01-01,2000,1,1,January,1,2000-Q1,2000-01
2008-06-25,2008,2,6,June,25,2008-Q2,2008-06
2004-02-12,2004,1,2,February,12,2004-Q1,2004-02
2014-01-23,2014,1,1,January,23,2014-Q1,2014-01
2015-08-10,2015,3,8,August,10,2015-Q3,2015-08
2014-06-19,2014,2,6,June,19,2014-Q2,2014-06
2011-01-25,2011,1,1,January,25,2011-Q1,2011-01
2014-06-01,2014,2,6,June,1,2014-Q2,2014-06
2004-06-29,2004,2,6,June,29,2004-Q2,2004-06
2017-01-19,2017,1,1,January,19,2017-Q1,2017-01
2018-01-23,2018,1,1,January,23,2018-Q1,2018-01
1994-03-17,1994,1,3,March,17,1994-Q1,1994-03
2015-05-18,2015,2,5,May,18,2015-Q2,2015-05
1996-04-15,1996,2,4,April,15,1996-Q2,1996-04
2015-11-12,2015,4,11,November,12,2015-Q4,2015-11
2005-04-15,2005,2,4,April,15,2005-Q2,2005-04
2012-12-29,2012,4,12,December,29,2012-Q4,2012-12
2017-03-29,2017,1,3,March,29,2017-Q1,2017-03
2005-11-02,2005,4,11,November,2,2005-Q4,2005-11
2010-10-27,2010,4,10,October,27,2010-Q4,2010-10
2018-03-31,2018,1,3,March,31,2018-Q1,2018-03
2011-02-22,2011,1,2,February,22,2011-Q1,2011-02
2020-12-23,2020,4,12,December,23,2020-Q4,2020-12
2003-05-09,2003,2,5,May,9,2003-Q2,2003-05
2013-06-12,2013,2,6,June,12,2013-Q2,2013-06
2011-09-02,2011,3,9,September,2,2011-Q3,2011-09
2005-07-04,2005,3,7,July,4,2005-Q3,2005-07
2001-02-19,2001,1,2,February,19,2001-Q1,2001-02
2004-07-29,2004,3,7,July,29,2004-Q3,2004-07
2002-05-17,2002,2,5,May,17,2002-Q2,2002-05
2011-05-20,2011,2,5,May,20,2011-Q2,2011-05
2000-12-15,2000,4,12,December,15,2000-Q4,2000-12
1998-08-27,1998,3,8,August,27,1998-Q3,1998-08
2015-11-10,2015,4,11,November,10,2015-Q4,2015-11
1999-06-22,1999,2,6,June,22,1999-Q2,1999-06
2008-01-17,2008,1,1,January,17,2008-Q1,2008-01
1990-08-08,1990,3,8,August,8,1990-Q3,1990-08
2018-05-23,2018,2,5,May,23,2018-Q2,2018-05
2021-04-02,2021,2,4,April,2,2021-Q2,2021-04
2017-09-10,2017,3,9,September,10,2017-Q3,2017-09
2012-04-14,2012,2,4,April,14,2012-Q2,2012-04
2021-02-03,2021,1,2,February,3,2021-Q1,2021-02
2009-12-10,2009,4,12,December,10,2009-Q4,2009-12
2021-09-04,2021,3,9,September,4,2021-Q3,2021-09
2021-03-05,2021,1,3,March,5,2021-Q1,2021-03
2021-07-05,2021,3,7,July,5,2021-Q3,2021-07
2021-07-07,2021,3,7,July,7,2021-Q3,2021-07
2021-02-08,2021,1,2,February,8,2021-Q1,2021-02
2021-11-19,2021,4,11,November,19,2021-Q4,2021-11
2021-07-09,2021,3,7,July,9,2021-Q3,2021-07
2021-10-26,2021,4,10,October,26,2021-Q4,2021-10
2021-09-22,2021,3,9,September,22,2021-Q3,2021-09
2022-09-05,2022,3,9,September,5,2022-Q3,2022-09
2024-03-12,2024,1,3,March,12,2024-Q1,2024-03
2022-05-24,2022,2,5,May,24,2022-Q2,2022-05
2021-02-12,2021,1,2,February,12,2021-Q1,2021-02
2022-11-02,2022,4,11,November,2,2022-Q4,2022-11
1998-07-15,1998,3,7,July,15,1998-Q3,1998-07
2013-05-06,2013,2,5,May,6,2013-Q2,2013-05
1996-07-22,1996,3,7,July,22,1996-Q3,1996-07
2007-04-09,2007,2,4,April,9,2007-Q2,2007-04
2022-03-29,2022,1,3,March,29,2022-Q1,2022-03
2017-02-24,2017,1,2,February,24,2017-Q1,2017-02
2021-03-01,2021,1,3,March,1,2021-Q1,2021-03
1998-01-10,1998,1,1,January,10,1998-Q1,1998-01
1994-01-03,1994,1,1,January,3,1994-Q1,1994-01
2022-06-03,2022,2,6,June,3,2022-Q2,2022-06
2022-05-23,2022,2,5,May,23,2022-Q2,2022-05
2022-04-14,2022,2,4,April,14,2022-Q2,2022-04
2022-07-28,2022,3,7,July,28,2022-Q3,2022-07
2022-07-20,2022,3,7,July,20,2022-Q3,2022-07
2022-08-05,2022,3,8,August,5,2022-Q3,2022-08
2022-06-27,2022,2,6,June,27,2022-Q2,2022-06
2023-01-25,2023,1,1,January,25,2023-Q1,2023-01
2023-04-21,2023,2,4,April,21,2023-Q2,2023-04
2023-10-02,2023,4,10,October,2,2023-Q4,2023-10
2022-06-23,2022,2,6,June,23,2022-Q2,2022-06
2022-02-09,2022,1,2,February,9,2022-Q1,2022-02
2022-08-16,2022,3,8,August,16,2022-Q3,2022-08
2024-08-01,2024,3,8,August,1,2024-Q3,2024-08
2022-11-30,2022,4,11,November,30,2022-Q4,2022-11
2022-08-30,2022,3,8,August,30,2022-Q3,2022-08
2022-04-11,2022,2,4,April,11,2022-Q2,2022-04
2006-07-13,2006,3,7,July,13,2006-Q3,2006-07
2022-09-10,2022,3,9,September,10,2022-Q3,2022-09
2022-10-27,2022,4,10,October,27,2022-Q4,2022-10
2023-01-31,2023,1,1,January,31,2023-Q1,2023-01
2022-11-14,2022,4,11,November,14,2022-Q4,2022-11
2022-11-27,2022,4,11,November,27,2022-Q4,2022-11
2022-11-19,2022,4,11,November,19,2022-Q4,2022-11
2023-05-23,2023,2,5,May,23,2023-Q2,2023-05
2022-05-10,2022,2,5,May,10,2022-Q2,2022-05
2022-06-11,2022,2,6,June,11,2022-Q2,2022-06
2023-10-16,2023,4,10,October,16,2023-Q4,2023-10
2023-01-02,2023,1,1,January,2,2023-Q1,2023-01
2023-05-12,2023,2,5,May,12,2023-Q2,2023-05
2023-02-14,2023,1,2,February,14,2023-Q1,2023-02
2023-09-19,2023,3,9,September,19,2023-Q3,2023-09
2022-05-06,2022,2,5,May,6,2022-Q2,2022-05
2023-06-02,2023,2,6,June,2,2023-Q2,2023-06
2023-02-24,2023,1,2,February,24,2023-Q1,2023-02
2000-07-27,2000,3,7,July,27,2000-Q3,2000-07
2026-04-15,2026,2,4,April,15,2026-Q2,2026-04
2024-12-18,2024,4,12,December,18,2024-Q4,2024-12
2023-04-30,2023,2,4,April,30,2023-Q2,2023-04
2018-02-06,2018,1,2,February,6,2018-Q1,2018-02
2026-05-27,2026,2,5,May,27,2026-Q2,2026-05
2024-07-22,2024,3,7,July,22,2024-Q3,2024-07
2023-06-17,2023,2,6,June,17,2023-Q2,2023-06
2023-08-15,2023,3,8,August,15,2023-Q3,2023-08
2023-05-11,2023,2,5,May,11,2023-Q2,2023-05
2026-04-26,2026,2,4,April,26,2026-Q2,2026-04
2023-10-23,2023,4,10,October,23,2023-Q4,2023-10
2024-03-06,2024,1,3,March,6,2024-Q1,2024-03
2024-12-19,2024,4,12,December,19,2024-Q4,2024-12
2024-07-20,2024,3,7,July,20,2024-Q3,2024-07
2024-01-27,2024,1,1,January,27,2024-Q1,2024-01
2024-12-04,2024,4,12,December,4,2024-Q4,2024-12
2025-01-13,2025,1,1,January,13,2025-Q1,2025-01
2023-08-10,2023,3,8,August,10,2023-Q3,2023-08
2024-01-14,2024,1,1,January,14,2024-Q1,2024-01
2025-06-09,2025,2,6,June,9,2025-Q2,2025-06
2000-10-18,2000,4,10,October,18,2000-Q4,2000-10
2025-07-01,2025,3,7,July,1,2025-Q3,2025-07
2025-08-15,2025,3,8,August,15,2025-Q3,2025-08
2023-11-26,2023,4,11,November,26,2023-Q4,2023-11
2017-03-23,2017,1,3,March,23,2017-Q1,2017-03
2017-09-15,2017,3,9,September,15,2017-Q3,2017-09
2018-12-13,2018,4,12,December,13,2018-Q4,2018-12
2018-06-19,2018,2,6,June,19,2018-Q2,2018-06
2019-08-02,2019,3,8,August,2,2019-Q3,2019-08
2018-01-29,2018,1,1,January,29,2018-Q1,2018-01
2009-12-14,2009,4,12,December,14,2009-Q4,2009-12
2009-12-17,2009,4,12,December,17,2009-Q4,2009-12
2013-03-20,2013,1,3,March,20,2013-Q1,2013-03
2018-04-30,2018,2,4,April,30,2018-Q2,2018-04
2016-11-30,2016,4,11,November,30,2016-Q4,2016-11
2006-05-10,2006,2,5,May,10,2006-Q2,2006-05
2017-07-14,2017,3,7,July,14,2017-Q3,2017-07
2007-05-07,2007,2,5,May,7,2007-Q2,2007-05
2011-10-21,2011,4,10,October,21,2011-Q4,2011-10
2018-12-23,2018,4,12,December,23,2018-Q4,2018-12
2011-06-29,2011,2,6,June,29,2011-Q2,2011-06
2018-02-26,2018,1,2,February,26,2018-Q1,2018-02
2011-12-27,2011,4,12,December,27,2011-Q4,2011-12
2016-11-22,2016,4,11,November,22,2016-Q4,2016-11
2019-10-04,2019,4,10,October,4,2019-Q4,2019-10
2017-12-19,2017,4,12,December,19,2017-Q4,2017-12
2007-12-14,2007,4,12,December,14,2007-Q4,2007-12
2008-02-10,2008,1,2,February,10,2008-Q1,2008-02
2008-11-14,2008,4,11,November,14,2008-Q4,2008-11
2013-03-28,2013,1,3,March,28,2013-Q1,2013-03
2016-03-05,2016,1,3,March,5,2016-Q1,2016-03
2019-04-15,2019,2,4,April,15,2019-Q2,2019-04
2009-07-08,2009,3,7,July,8,2009-Q3,2009-07
2017-03-15,2017,1,3,March,15,2017-Q1,2017-03
2016-05-09,2016,2,5,May,9,2016-Q2,2016-05
2019-05-27,2019,2,5,May,27,2019-Q2,2019-05
2020-08-19,2020,3,8,August,19,2020-Q3,2020-08
2019-05-18,2019,2,5,May,18,2019-Q2,2019-05
2014-08-28,2014,3,8,August,28,2014-Q3,2014-08
2009-12-30,2009,4,12,December,30,2009-Q4,2009-12
2011-06-10,2011,2,6,June,10,2011-Q2,2011-06
2019-01-07,2019,1,1,January,7,2019-Q1,2019-01
2016-03-17,2016,1,3,March,17,2016-Q1,2016-03
2015-01-30,2015,1,1,January,30,2015-Q1,2015-01
2010-09-30,2010,3,9,September,30,2010-Q3,2010-09
2013-01-22,2013,1,1,January,22,2013-Q1,2013-01
2016-12-09,2016,4,12,December,9,2016-Q4,2016-12
2002-07-25,2002,3,7,July,25,2002-Q3,2002-07
2009-02-04,2009,1,2,February,4,2009-Q1,2009-02
2019-10-25,2019,4,10,October,25,2019-Q4,2019-10
2018-09-20,2018,3,9,September,20,2018-Q3,2018-09
2018-06-28,2018,2,6,June,28,2018-Q2,2018-06
2018-02-05,2018,1,2,February,5,2018-Q1,2018-02
2017-09-02,2017,3,9,September,2,2017-Q3,2017-09
2019-10-28,2019,4,10,October,28,2019-Q4,2019-10
2015-08-21,2015,3,8,August,21,2015-Q3,2015-08
2019-08-11,2019,3,8,August,11,2019-Q3,2019-08
2019-12-18,2019,4,12,December,18,2019-Q4,2019-12
2020-03-20,2020,1,3,March,20,2020-Q1,2020-03
2015-02-03,2015,1,2,February,3,2015-Q1,2015-02
2019-12-15,2019,4,12,December,15,2019-Q4,2019-12
2011-08-17,2011,3,8,August,17,2011-Q3,2011-08
2019-12-19,2019,4,12,December,19,2019-Q4,2019-12
2007-08-11,2007,3,8,August,11,2007-Q3,2007-08
2010-07-08,2010,3,7,July,8,2010-Q3,2010-07
2020-02-21,2020,1,2,February,21,2020-Q1,2020-02
2009-03-07,2009,1,3,March,7,2009-Q1,2009-03
2012-07-12,2012,3,7,July,12,2012-Q3,2012-07
2015-07-23,2015,3,7,July,23,2015-Q3,2015-07
2010-05-03,2010,2,5,May,3,2010-Q2,2010-05
1999-03-06,1999,1,3,March,6,1999-Q1,1999-03
2020-03-24,2020,1,3,March,24,2020-Q1,2020-03
2009-09-28,2009,3,9,September,28,2009-Q3,2009-09
2020-07-23,2020,3,7,July,23,2020-Q3,2020-07
2002-11-11,2002,4,11,November,11,2002-Q4,2002-11
2024-01-15,2024,1,1,January,15,2024-Q1,2024-01
2020-05-18,2020,2,5,May,18,2020-Q2,2020-05
2020-05-17,2020,2,5,May,17,2020-Q2,2020-05
2020-05-28,2020,2,5,May,28,2020-Q2,2020-05
2020-09-07,2020,3,9,September,7,2020-Q3,2020-09
2020-07-28,2020,3,7,July,28,2020-Q3,2020-07
2008-12-29,2008,4,12,December,29,2008-Q4,2008-12
2016-08-25,2016,3,8,August,25,2016-Q3,2016-08
2020-10-09,2020,4,10,October,9,2020-Q4,2020-10
2020-03-12,2020,1,3,March,12,2020-Q1,2020-03
2009-11-23,2009,4,11,November,23,2009-Q4,2009-11
2016-09-02,2016,3,9,September,2,2016-Q3,2016-09
2020-10-29,2020,4,10,October,29,2020-Q4,2020-10
2020-10-30,2020,4,10,October,30,2020-Q4,2020-10
2015-05-19,2015,2,5,May,19,2015-Q2,2015-05
2018-12-02,2018,4,12,December,2,2018-Q4,2018-12
2021-01-25,2021,1,1,January,25,2021-Q1,2021-01
2004-09-23,2004,3,9,September,23,2004-Q3,2004-09
2020-11-23,2020,4,11,November,23,2020-Q4,2020-11
2017-03-20,2017,1,3,March,20,2017-Q1,2017-03
2015-01-26,2015,1,1,January,26,2015-Q1,2015-01
2021-03-17,2021,1,3,March,17,2021-Q1,2021-03
2013-09-26,2013,3,9,September,26,2013-Q3,2013-09
2006-10-31,2006,4,10,October,31,2006-Q4,2006-10
2018-04-04,2018,2,4,April,4,2018-Q2,2018-04
2004-09-06,2004,3,9,September,6,2004-Q3,2004-09
2013-08-22,2013,3,8,August,22,2013-Q3,2013-08
2008-10-25,2008,4,10,October,25,2008-Q4,2008-10
2017-06-06,2017,2,6,June,6,2017-Q2,2017-06
2010-11-30,2010,4,11,November,30,2010-Q4,2010-11
1998-04-21,1998,2,4,April,21,1998-Q2,1998-04
2008-12-09,2008,4,12,December,9,2008-Q4,2008-12
2013-08-13,2013,3,8,August,13,2013-Q3,2013-08
2016-05-12,2016,2,5,May,12,2016-Q2,2016-05
2018-02-03,2018,1,2,February,3,2018-Q1,2018-02
2016-09-09,2016,3,9,September,9,2016-Q3,2016-09
2001-11-10,2001,4,11,November,10,2001-Q4,2001-11
2006-10-27,2006,4,10,October,27,2006-Q4,2006-10
2012-12-21,2012,4,12,December,21,2012-Q4,2012-12
2002-04-23,2002,2,4,April,23,2002-Q2,2002-04
2017-12-06,2017,4,12,December,6,2017-Q4,2017-12
2013-03-22,2013,1,3,March,22,2013-Q1,2013-03
2014-10-23,2014,4,10,October,23,2014-Q4,2014-10
2010-05-14,2010,2,5,May,14,2010-Q2,2010-05
2005-08-22,2005,3,8,August,22,2005-Q3,2005-08
2014-12-11,2014,4,12,December,11,2014-Q4,2014-12
2011-12-07,2011,4,12,December,7,2011-Q4,2011-12
2013-04-30,2013,2,4,April,30,2013-Q2,2013-04
2011-09-22,2011,3,9,September,22,2011-Q3,2011-09
2014-09-24,2014,3,9,September,24,2014-Q3,2014-09
2018-09-22,2018,3,9,September,22,2018-Q3,2018-09
2005-10-18,2005,4,10,October,18,2005-Q4,2005-10
2015-01-05,2015,1,1,January,5,2015-Q1,2015-01
2018-03-26,2018,1,3,March,26,2018-Q1,2018-03
2015-06-29,2015,2,6,June,29,2015-Q2,2015-06
1994-09-06,1994,3,9,September,6,1994-Q3,1994-09
2007-07-18,2007,3,7,July,18,2007-Q3,2007-07
2004-01-12,2004,1,1,January,12,2004-Q1,2004-01
2013-08-21,2013,3,8,August,21,2013-Q3,2013-08
2014-11-20,2014,4,11,November,20,2014-Q4,2014-11
2004-12-08,2004,4,12,December,8,2004-Q4,2004-12
2010-12-02,2010,4,12,December,2,2010-Q4,2010-12
2015-08-01,2015,3,8,August,1,2015-Q3,2015-08
2018-03-08,2018,1,3,March,8,2018-Q1,2018-03
2013-06-18,2013,2,6,June,18,2013-Q2,2013-06
2008-07-03,2008,3,7,July,3,2008-Q3,2008-07
2002-12-12,2002,4,12,December,12,2002-Q4,2002-12
2006-07-14,2006,3,7,July,14,2006-Q3,2006-07
1998-08-19,1998,3,8,August,19,1998-Q3,1998-08
2010-08-06,2010,3,8,August,6,2010-Q3,2010-08
2013-02-15,2013,1,2,February,15,2013-Q1,2013-02
2011-08-18,2011,3,8,August,18,2011-Q3,2011-08
2007-11-27,2007,4,11,November,27,2007-Q4,2007-11
2012-12-03,2012,4,12,December,3,2012-Q4,2012-12
2008-06-17,2008,2,6,June,17,2008-Q2,2008-06
1993-08-12,1993,3,8,August,12,1993-Q3,1993-08
2005-12-22,2005,4,12,December,22,2005-Q4,2005-12
1997-11-24,1997,4,11,November,24,1997-Q4,1997-11
2012-07-06,2012,3,7,July,6,2012-Q3,2012-07
1991-03-09,1991,1,3,March,9,1991-Q1,1991-03
2016-06-07,2016,2,6,June,7,2016-Q2,2016-06
2009-02-20,2009,1,2,February,20,2009-Q1,2009-02
2009-08-28,2009,3,8,August,28,2009-Q3,2009-08
1992-06-08,1992,2,6,June,8,1992-Q2,1992-06
2011-03-24,2011,1,3,March,24,2011-Q1,2011-03
2017-04-26,2017,2,4,April,26,2017-Q2,2017-04
2018-12-07,2018,4,12,December,7,2018-Q4,2018-12
2010-06-12,2010,2,6,June,12,2010-Q2,2010-06
2015-02-13,2015,1,2,February,13,2015-Q1,2015-02
2015-06-02,2015,2,6,June,2,2015-Q2,2015-06
2012-04-30,2012,2,4,April,30,2012-Q2,2012-04
2005-08-31,2005,3,8,August,31,2005-Q3,2005-08
2013-06-30,2013,2,6,June,30,2013-Q2,2013-06
1992-08-14,1992,3,8,August,14,1992-Q3,1992-08
2014-02-28,2014,1,2,February,28,2014-Q1,2014-02
2015-07-13,2015,3,7,July,13,2015-Q3,2015-07
2013-05-22,2013,2,5,May,22,2013-Q2,2013-05
2011-07-17,2011,3,7,July,17,2011-Q3,2011-07
1997-04-15,1997,2,4,April,15,1997-Q2,1997-04
2017-10-23,2017,4,10,October,23,2017-Q4,2017-10
2006-05-30,2006,2,5,May,30,2006-Q2,2006-05
1995-12-15,1995,4,12,December,15,1995-Q4,1995-12
2016-03-06,2016,1,3,March,6,2016-Q1,2016-03
2013-02-27,2013,1,2,February,27,2013-Q1,2013-02
2018-08-28,2018,3,8,August,28,2018-Q3,2018-08
2009-11-18,2009,4,11,November,18,2009-Q4,2009-11
2002-02-18,2002,1,2,February,18,2002-Q1,2002-02
2014-11-17,2014,4,11,November,17,2014-Q4,2014-11
2005-05-10,2005,2,5,May,10,2005-Q2,2005-05
2001-12-06,2001,4,12,December,6,2001-Q4,2001-12
2017-09-11,2017,3,9,September,11,2017-Q3,2017-09
2015-11-23,2015,4,11,November,23,2015-Q4,2015-11
2001-06-27,2001,2,6,June,27,2001-Q2,2001-06
2009-07-14,2009,3,7,July,14,2009-Q3,2009-07
2021-12-04,2021,4,12,December,4,2021-Q4,2021-12
2002-07-16,2002,3,7,July,16,2002-Q3,2002-07
2007-04-20,2007,2,4,April,20,2007-Q2,2007-04
2007-01-03,2007,1,1,January,3,2007-Q1,2007-01
2015-04-01,2015,2,4,April,1,2015-Q2,2015-04
2013-12-29,2013,4,12,December,29,2013-Q4,2013-12
2015-01-16,2015,1,1,January,16,2015-Q1,2015-01
1998-10-23,1998,4,10,October,23,1998-Q4,1998-10
2002-12-07,2002,4,12,December,7,2002-Q4,2002-12
1998-04-16,1998,2,4,April,16,1998-Q2,1998-04
2013-01-14,2013,1,1,January,14,2013-Q1,2013-01
2011-06-07,2011,2,6,June,7,2011-Q2,2011-06
2005-04-08,2005,2,4,April,8,2005-Q2,2005-04
1996-05-06,1996,2,5,May,6,1996-Q2,1996-05
2021-01-22,2021,1,1,January,22,2021-Q1,2021-01
2013-09-28,2013,3,9,September,28,2013-Q3,2013-09
1993-06-21,1993,2,6,June,21,1993-Q2,1993-06
2012-05-14,2012,2,5,May,14,2012-Q2,2012-05
2017-11-29,2017,4,11,November,29,2017-Q4,2017-11
2001-01-04,2001,1,1,January,4,2001-Q1,2001-01
1994-05-08,1994,2,5,May,8,1994-Q2,1994-05
2008-05-19,2008,2,5,May,19,2008-Q2,2008-05
2009-04-27,2009,2,4,April,27,2009-Q2,2009-04
2016-09-21,2016,3,9,September,21,2016-Q3,2016-09
2021-04-05,2021,2,4,April,5,2021-Q2,2021-04
2021-05-30,2021,2,5,May,30,2021-Q2,2021-05
2021-02-28,2021,1,2,February,28,2021-Q1,2021-02
2021-05-19,2021,2,5,May,19,2021-Q2,2021-05
2021-11-03,2021,4,11,November,3,2021-Q4,2021-11
2021-09-30,2021,3,9,September,30,2021-Q3,2021-09
2021-05-15,2021,2,5,May,15,2021-Q2,2021-05
2021-05-28,2021,2,5,May,28,2021-Q2,2021-05
2020-01-03,2020,1,1,January,3,2020-Q1,2020-01
2022-05-01,2022,2,5,May,1,2022-Q2,2022-05
2021-09-14,2021,3,9,September,14,2021-Q3,2021-09
2022-07-16,2022,3,7,July,16,2022-Q3,2022-07
2021-09-18,2021,3,9,September,18,2021-Q3,2021-09
2021-04-10,2021,2,4,April,10,2021-Q2,2021-04
2021-09-23,2021,3,9,September,23,2021-Q3,2021-09
2021-12-13,2021,4,12,December,13,2021-Q4,2021-12
1996-08-08,1996,3,8,August,8,1996-Q3,1996-08
2018-02-08,2018,1,2,February,8,2018-Q1,2018-02
2018-02-02,2018,1,2,February,2,2018-Q1,2018-02
2022-02-21,2022,1,2,February,21,2022-Q1,2022-02
2022-07-01,2022,3,7,July,1,2022-Q3,2022-07
2002-03-14,2002,1,3,March,14,2002-Q1,2002-03
2018-11-05,2018,4,11,November,5,2018-Q4,2018-11
2002-03-19,2002,1,3,March,19,2002-Q1,2002-03
2009-07-13,2009,3,7,July,13,2009-Q3,2009-07
2022-03-31,2022,1,3,March,31,2022-Q1,2022-03
2022-04-08,2022,2,4,April,8,2022-Q2,2022-04
2023-09-12,2023,3,9,September,12,2023-Q3,2023-09
2022-01-07,2022,1,1,January,7,2022-Q1,2022-01
2022-04-07,2022,2,4,April,7,2022-Q2,2022-04
2022-05-14,2022,2,5,May,14,2022-Q2,2022-05
2023-06-28,2023,2,6,June,28,2023-Q2,2023-06
2023-10-08,2023,4,10,October,8,2023-Q4,2023-10
2004-08-26,2004,3,8,August,26,2004-Q3,2004-08
2022-06-28,2022,2,6,June,28,2022-Q2,2022-06
2022-09-08,2022,3,9,September,8,2022-Q3,2022-09
2024-10-08,2024,4,10,October,8,2024-Q4,2024-10
2023-06-25,2023,2,6,June,25,2023-Q2,2023-06
2022-08-14,2022,3,8,August,14,2022-Q3,2022-08
2022-03-11,2022,1,3,March,11,2022-Q1,2022-03
2023-10-17,2023,4,10,October,17,2023-Q4,2023-10
2022-09-17,2022,3,9,September,17,2022-Q3,2022-09
2023-01-18,2023,1,1,January,18,2023-Q1,2023-01
2022-09-09,2022,3,9,September,9,2022-Q3,2022-09
2022-11-09,2022,4,11,November,9,2022-Q4,2022-11
2022-08-10,2022,3,8,August,10,2022-Q3,2022-08
2022-11-13,2022,4,11,November,13,2022-Q4,2022-11
2023-02-23,2023,1,2,February,23,2023-Q1,2023-02
2023-06-12,2023,2,6,June,12,2023-Q2,2023-06
2022-11-22,2022,4,11,November,22,2022-Q4,2022-11
2023-03-16,2023,1,3,March,16,2023-Q1,2023-03
2023-07-13,2023,3,7,July,13,2023-Q3,2023-07
2023-02-08,2023,1,2,February,8,2023-Q1,2023-02
2023-04-18,2023,2,4,April,18,2023-Q2,2023-04
2024-12-03,2024,4,12,December,3,2024-Q4,2024-12
2023-03-15,2023,1,3,March,15,2023-Q1,2023-03
2023-09-03,2023,3,9,September,3,2023-Q3,2023-09
2023-11-07,2023,4,11,November,7,2023-Q4,2023-11
2023-06-29,2023,2,6,June,29,2023-Q2,2023-06
2026-01-04,2026,1,1,January,4,2026-Q1,2026-01
2023-07-15,2023,3,7,July,15,2023-Q3,2023-07
2023-04-06,2023,2,4,April,6,2023-Q2,2023-04
2023-09-25,2023,3,9,September,25,2023-Q3,2023-09
2024-04-28,2024,2,4,April,28,2024-Q2,2024-04
2024-05-27,2024,2,5,May,27,2024-Q2,2024-05
2024-11-06,2024,4,11,November,6,2024-Q4,2024-11
2023-11-28,2023,4,11,November,28,2023-Q4,2023-11
2024-11-11,2024,4,11,November,11,2024-Q4,2024-11
2014-11-14,2014,4,11,November,14,2014-Q4,2014-11
2024-03-17,2024,1,3,March,17,2024-Q1,2024-03
2024-09-12,2024,3,9,September,12,2024-Q3,2024-09
2024-03-09,2024,1,3,March,9,2024-Q1,2024-03
2024-03-20,2024,1,3,March,20,2024-Q1,2024-03
2025-02-19,2025,1,2,February,19,2025-Q1,2025-02
2019-01-28,2019,1,1,January,28,2019-Q1,2019-01
2009-02-11,2009,1,2,February,11,2009-Q1,2009-02
2018-08-01,2018,3,8,August,1,2018-Q3,2018-08
2018-06-14,2018,2,6,June,14,2018-Q2,2018-06
2011-10-05,2011,4,10,October,5,2011-Q4,2011-10
2015-12-18,2015,4,12,December,18,2015-Q4,2015-12
2018-03-27,2018,1,3,March,27,2018-Q1,2018-03
2018-03-09,2018,1,3,March,9,2018-Q1,2018-03
2018-05-11,2018,2,5,May,11,2018-Q2,2018-05
2010-08-12,2010,3,8,August,12,2010-Q3,2010-08
2013-10-26,2013,4,10,October,26,2013-Q4,2013-10
2013-05-31,2013,2,5,May,31,2013-Q2,2013-05
2011-06-24,2011,2,6,June,24,2011-Q2,2011-06
2018-10-30,2018,4,10,October,30,2018-Q4,2018-10
2019-06-03,2019,2,6,June,3,2019-Q2,2019-06
2012-07-13,2012,3,7,July,13,2012-Q3,2012-07
2012-03-14,2012,1,3,March,14,2012-Q1,2012-03
2018-08-08,2018,3,8,August,8,2018-Q3,2018-08
2018-02-10,2018,1,2,February,10,2018-Q1,2018-02
2010-10-03,2010,4,10,October,3,2010-Q4,2010-10
2019-03-21,2019,1,3,March,21,2019-Q1,2019-03
2018-06-29,2018,2,6,June,29,2018-Q2,2018-06
2019-03-30,2019,1,3,March,30,2019-Q1,2019-03
2019-03-28,2019,1,3,March,28,2019-Q1,2019-03
2012-09-29,2012,3,9,September,29,2012-Q3,2012-09
2006-10-26,2006,4,10,October,26,2006-Q4,2006-10
2001-11-16,2001,4,11,November,16,2001-Q4,2001-11
2010-06-23,2010,2,6,June,23,2010-Q2,2010-06
2005-09-06,2005,3,9,September,6,2005-Q3,2005-09
2013-07-31,2013,3,7,July,31,2013-Q3,2013-07
2018-01-02,2018,1,1,January,2,2018-Q1,2018-01
2019-01-05,2019,1,1,January,5,2019-Q1,2019-01
2019-06-18,2019,2,6,June,18,2019-Q2,2019-06
2011-08-26,2011,3,8,August,26,2011-Q3,2011-08
2019-05-04,2019,2,5,May,4,2019-Q2,2019-05
2014-07-10,2014,3,7,July,10,2014-Q3,2014-07
2022-07-04,2022,3,7,July,4,2022-Q3,2022-07
2020-02-08,2020,1,2,February,8,2020-Q1,2020-02
2019-06-27,2019,2,6,June,27,2019-Q2,2019-06
2014-07-31,2014,3,7,July,31,2014-Q3,2014-07
2017-01-18,2017,1,1,January,18,2017-Q1,2017-01
2011-07-22,2011,3,7,July,22,2011-Q3,2011-07
2011-07-12,2011,3,7,July,12,2011-Q3,2011-07
2007-07-03,2007,3,7,July,3,2007-Q3,2007-07
2011-12-30,2011,4,12,December,30,2011-Q4,2011-12
2012-07-30,2012,3,7,July,30,2012-Q3,2012-07
2009-01-10,2009,1,1,January,10,2009-Q1,2009-01
2019-08-22,2019,3,8,August,22,2019-Q3,2019-08
2019-07-30,2019,3,7,July,30,2019-Q3,2019-07
2019-08-20,2019,3,8,August,20,2019-Q3,2019-08
2019-12-09,2019,4,12,December,9,2019-Q4,2019-12
2019-10-09,2019,4,10,October,9,2019-Q4,2019-10
1992-06-25,1992,2,6,June,25,1992-Q2,1992-06
2019-09-26,2019,3,9,September,26,2019-Q3,2019-09
2019-08-10,2019,3,8,August,10,2019-Q3,2019-08
2006-11-15,2006,4,11,November,15,2006-Q4,2006-11
2019-10-30,2019,4,10,October,30,2019-Q4,2019-10
2019-12-11,2019,4,12,December,11,2019-Q4,2019-12
2009-06-18,2009,2,6,June,18,2009-Q2,2009-06
2015-03-31,2015,1,3,March,31,2015-Q1,2015-03
2019-12-12,2019,4,12,December,12,2019-Q4,2019-12
2019-12-17,2019,4,12,December,17,2019-Q4,2019-12
2008-03-09,2008,1,3,March,9,2008-Q1,2008-03
2020-03-01,2020,1,3,March,1,2020-Q1,2020-03
2012-09-21,2012,3,9,September,21,2012-Q3,2012-09
2011-05-16,2011,2,5,May,16,2011-Q2,2011-05
2020-07-02,2020,3,7,July,2,2020-Q3,2020-07
2013-05-16,2013,2,5,May,16,2013-Q2,2013-05
2020-05-30,2020,2,5,May,30,2020-Q2,2020-05
2020-08-06,2020,3,8,August,6,2020-Q3,2020-08
2000-12-31,2000,4,12,December,31,2000-Q4,2000-12
2010-06-28,2010,2,6,June,28,2010-Q2,2010-06
2020-06-07,2020,2,6,June,7,2020-Q2,2020-06
2020-05-22,2020,2,5,May,22,2020-Q2,2020-05
2020-06-16,2020,2,6,June,16,2020-Q2,2020-06
2004-03-09,2004,1,3,March,9,2004-Q1,2004-03
2020-03-07,2020,1,3,March,7,2020-Q1,2020-03
2018-08-20,2018,3,8,August,20,2018-Q3,2018-08
2020-07-31,2020,3,7,July,31,2020-Q3,2020-07
2017-05-16,2017,2,5,May,16,2017-Q2,2017-05
2020-08-25,2020,3,8,August,25,2020-Q3,2020-08
2020-08-28,2020,3,8,August,28,2020-Q3,2020-08
2020-10-20,2020,4,10,October,20,2020-Q4,2020-10
2005-09-28,2005,3,9,September,28,2005-Q3,2005-09
2011-10-20,2011,4,10,October,20,2011-Q4,2011-10
2000-05-23,2000,2,5,May,23,2000-Q2,2000-05
2020-10-23,2020,4,10,October,23,2020-Q4,2020-10
2005-08-11,2005,3,8,August,11,2005-Q3,2005-08
2020-10-26,2020,4,10,October,26,2020-Q4,2020-10
2020-10-28,2020,4,10,October,28,2020-Q4,2020-10
2004-01-28,2004,1,1,January,28,2004-Q1,2004-01
2014-03-13,2014,1,3,March,13,2014-Q1,2014-03
2013-07-16,2013,3,7,July,16,2013-Q3,2013-07
2020-02-12,2020,1,2,February,12,2020-Q1,2020-02
2009-06-19,2009,2,6,June,19,2009-Q2,2009-06
2004-03-22,2004,1,3,March,22,2004-Q1,2004-03
2002-12-13,2002,4,12,December,13,2002-Q4,2002-12
2021-04-01,2021,2,4,April,1,2021-Q2,2021-04
2012-09-05,2012,3,9,September,5,2012-Q3,2012-09
2001-10-30,2001,4,10,October,30,2001-Q4,2001-10
2001-12-11,2001,4,12,December,11,2001-Q4,2001-12
2012-12-18,2012,4,12,December,18,2012-Q4,2012-12
2011-02-05,2011,1,2,February,5,2011-Q1,2011-02
2018-09-27,2018,3,9,September,27,2018-Q3,2018-09
2008-01-10,2008,1,1,January,10,2008-Q1,2008-01
2013-07-06,2013,3,7,July,6,2013-Q3,2013-07
2008-11-06,2008,4,11,November,6,2008-Q4,2008-11
1995-06-01,1995,2,6,June,1,1995-Q2,1995-06
2014-08-05,2014,3,8,August,5,2014-Q3,2014-08
2011-07-25,2011,3,7,July,25,2011-Q3,2011-07
2009-11-11,2009,4,11,November,11,2009-Q4,2009-11
2007-05-14,2007,2,5,May,14,2007-Q2,2007-05
2018-09-21,2018,3,9,September,21,2018-Q3,2018-09
2010-12-18,2010,4,12,December,18,2010-Q4,2010-12
2014-04-25,2014,2,4,April,25,2014-Q2,2014-04
2013-06-29,2013,2,6,June,29,2013-Q2,2013-06
2009-10-13,2009,4,10,October,13,2009-Q4,2009-10
1998-12-15,1998,4,12,December,15,1998-Q4,1998-12
2012-04-16,2012,2,4,April,16,2012-Q2,2012-04
2013-11-19,2013,4,11,November,19,2013-Q4,2013-11
2008-07-16,2008,3,7,July,16,2008-Q3,2008-07
2011-10-18,2011,4,10,October,18,2011-Q4,2011-10
2016-05-04,2016,2,5,May,4,2016-Q2,2016-05
2013-09-27,2013,3,9,September,27,2013-Q3,2013-09
2010-04-21,2010,2,4,April,21,2010-Q2,2010-04
2010-07-09,2010,3,7,July,9,2010-Q3,2010-07
2014-07-17,2014,3,7,July,17,2014-Q3,2014-07
2009-07-17,2009,3,7,July,17,2009-Q3,2009-07
2013-02-20,2013,1,2,February,20,2013-Q1,2013-02
2012-04-09,2012,2,4,April,9,2012-Q2,2012-04
1995-03-11,1995,1,3,March,11,1995-Q1,1995-03
2014-12-09,2014,4,12,December,9,2014-Q4,2014-12
2001-09-20,2001,3,9,September,20,2001-Q3,2001-09
2011-06-09,2011,2,6,June,9,2011-Q2,2011-06
2018-08-02,2018,3,8,August,2,2018-Q3,2018-08
2010-04-22,2010,2,4,April,22,2010-Q2,2010-04
2009-09-18,2009,3,9,September,18,2009-Q3,2009-09
1997-09-12,1997,3,9,September,12,1997-Q3,1997-09
2015-04-23,2015,2,4,April,23,2015-Q2,2015-04
2013-03-07,2013,1,3,March,7,2013-Q1,2013-03
2011-10-10,2011,4,10,October,10,2011-Q4,2011-10
2004-01-04,2004,1,1,January,4,2004-Q1,2004-01
2012-05-03,2012,2,5,May,3,2012-Q2,2012-05
2013-10-10,2013,4,10,October,10,2013-Q4,2013-10
2010-05-23,2010,2,5,May,23,2010-Q2,2010-05
2008-11-17,2008,4,11,November,17,2008-Q4,2008-11
1997-08-07,1997,3,8,August,7,1997-Q3,1997-08
2010-12-27,2010,4,12,December,27,2010-Q4,2010-12
2006-06-30,2006,2,6,June,30,2006-Q2,2006-06
1998-10-11,1998,4,10,October,11,1998-Q4,1998-10
2017-07-11,2017,3,7,July,11,2017-Q3,2017-07
2011-05-04,2011,2,5,May,4,2011-Q2,2011-05
1998-03-17,1998,1,3,March,17,1998-Q1,1998-03
2008-01-25,2008,1,1,January,25,2008-Q1,2008-01
2007-02-15,2007,1,2,February,15,2007-Q1,2007-02
2005-07-11,2005,3,7,July,11,2005-Q3,2005-07
2016-07-09,2016,3,7,July,9,2016-Q3,2016-07
2013-01-24,2013,1,1,January,24,2013-Q1,2013-01
2013-12-11,2013,4,12,December,11,2013-Q4,2013-12
1997-09-01,1997,3,9,September,1,1997-Q3,1997-09
2007-05-15,2007,2,5,May,15,2007-Q2,2007-05
2009-03-24,2009,1,3,March,24,2009-Q1,2009-03
2000-12-04,2000,4,12,December,4,2000-Q4,2000-12
1999-11-08,1999,4,11,November,8,1999-Q4,1999-11
2014-07-15,2014,3,7,July,15,2014-Q3,2014-07
2010-09-25,2010,3,9,September,25,2010-Q3,2010-09
2005-10-28,2005,4,10,October,28,2005-Q4,2005-10
2001-05-21,2001,2,5,May,21,2001-Q2,2001-05
2010-05-05,2010,2,5,May,5,2010-Q2,2010-05
2012-03-12,2012,1,3,March,12,2012-Q1,2012-03
2021-03-24,2021,1,3,March,24,2021-Q1,2021-03
2020-11-21,2020,4,11,November,21,2020-Q4,2020-11
2015-12-29,2015,4,12,December,29,2015-Q4,2015-12
2018-08-24,2018,3,8,August,24,2018-Q3,2018-08
1994-01-08,1994,1,1,January,8,1994-Q1,1994-01
2021-01-26,2021,1,1,January,26,2021-Q1,2021-01
2009-08-09,2009,3,8,August,9,2009-Q3,2009-08
2005-10-25,2005,4,10,October,25,2005-Q4,2005-10
2011-02-07,2011,1,2,February,7,2011-Q1,2011-02
2007-06-08,2007,2,6,June,8,2007-Q2,2007-06
2013-06-27,2013,2,6,June,27,2013-Q2,2013-06
1999-02-11,1999,1,2,February,11,1999-Q1,1999-02
2015-07-12,2015,3,7,July,12,2015-Q3,2015-07
2016-08-29,2016,3,8,August,29,2016-Q3,2016-08
2001-03-20,2001,1,3,March,20,2001-Q1,2001-03
2011-09-05,2011,3,9,September,5,2011-Q3,2011-09
2021-02-24,2021,1,2,February,24,2021-Q1,2021-02
2018-12-12,2018,4,12,December,12,2018-Q4,2018-12
2021-03-03,2021,1,3,March,3,2021-Q1,2021-03
2014-09-18,2014,3,9,September,18,2014-Q3,2014-09
2021-04-21,2021,2,4,April,21,2021-Q2,2021-04
2021-03-23,2021,1,3,March,23,2021-Q1,2021-03
2021-01-24,2021,1,1,January,24,2021-Q1,2021-01
2016-01-01,2016,1,1,January,1,2016-Q1,2016-01
2021-06-23,2021,2,6,June,23,2021-Q2,2021-06
2021-06-29,2021,2,6,June,29,2021-Q2,2021-06
2021-05-16,2021,2,5,May,16,2021-Q2,2021-05
2021-06-07,2021,2,6,June,7,2021-Q2,2021-06
2021-06-25,2021,2,6,June,25,2021-Q2,2021-06
2021-06-26,2021,2,6,June,26,2021-Q2,2021-06
2022-02-28,2022,1,2,February,28,2022-Q1,2022-02
2021-08-13,2021,3,8,August,13,2021-Q3,2021-08
2014-08-10,2014,3,8,August,10,2014-Q3,2014-08
2021-08-07,2021,3,8,August,7,2021-Q3,2021-08
2021-07-26,2021,3,7,July,26,2021-Q3,2021-07
2022-04-25,2022,2,4,April,25,2022-Q2,2022-04
2021-01-10,2021,1,1,January,10,2021-Q1,2021-01
2024-12-20,2024,4,12,December,20,2024-Q4,2024-12
2022-01-20,2022,1,1,January,20,2022-Q1,2022-01
2015-11-11,2015,4,11,November,11,2015-Q4,2015-11
2021-10-30,2021,4,10,October,30,2021-Q4,2021-10
2021-08-11,2021,3,8,August,11,2021-Q3,2021-08
2021-01-12,2021,1,1,January,12,2021-Q1,2021-01
2022-01-25,2022,1,1,January,25,2022-Q1,2022-01
2015-03-03,2015,1,3,March,3,2015-Q1,2015-03
2021-12-23,2021,4,12,December,23,2021-Q4,2021-12
2012-08-29,2012,3,8,August,29,2012-Q3,2012-08
2008-11-27,2008,4,11,November,27,2008-Q4,2008-11
2022-04-01,2022,2,4,April,1,2022-Q2,2022-04
2016-06-24,2016,2,6,June,24,2016-Q2,2016-06
2022-04-02,2022,2,4,April,2,2022-Q2,2022-04
2022-05-08,2022,2,5,May,8,2022-Q2,2022-05
2023-03-01,2023,1,3,March,1,2023-Q1,2023-03
2022-05-26,2022,2,5,May,26,2022-Q2,2022-05
2022-06-13,2022,2,6,June,13,2022-Q2,2022-06
2022-10-06,2022,4,10,October,6,2022-Q4,2022-10
2022-11-06,2022,4,11,November,6,2022-Q4,2022-11
2022-07-23,2022,3,7,July,23,2022-Q3,2022-07
2022-07-14,2022,3,7,July,14,2022-Q3,2022-07
2022-03-07,2022,1,3,March,7,2022-Q1,2022-03
2024-11-13,2024,4,11,November,13,2024-Q4,2024-11
2023-01-27,2023,1,1,January,27,2023-Q1,2023-01
2023-05-09,2023,2,5,May,9,2023-Q2,2023-05
2022-10-26,2022,4,10,October,26,2022-Q4,2022-10
2023-01-03,2023,1,1,January,3,2023-Q1,2023-01
2022-08-27,2022,3,8,August,27,2022-Q3,2022-08
2022-01-10,2022,1,1,January,10,2022-Q1,2022-01
2023-05-30,2023,2,5,May,30,2023-Q2,2023-05
2022-09-20,2022,3,9,September,20,2022-Q3,2022-09
2023-01-01,2023,1,1,January,1,2023-Q1,2023-01
2023-08-03,2023,3,8,August,3,2023-Q3,2023-08
2024-05-18,2024,2,5,May,18,2024-Q2,2024-05
2023-11-04,2023,4,11,November,4,2023-Q4,2023-11
2023-03-26,2023,1,3,March,26,2023-Q1,2023-03
2022-12-22,2022,4,12,December,22,2022-Q4,2022-12
2022-12-26,2022,4,12,December,26,2022-Q4,2022-12
2023-09-29,2023,3,9,September,29,2023-Q3,2023-09
1999-01-01,1999,1,1,January,1,1999-Q1,1999-01
2023-08-01,2023,3,8,August,1,2023-Q3,2023-08
2023-09-01,2023,3,9,September,1,2023-Q3,2023-09
2023-08-16,2023,3,8,August,16,2023-Q3,2023-08
2023-03-31,2023,1,3,March,31,2023-Q1,2023-03
2023-05-16,2023,2,5,May,16,2023-Q2,2023-05
2023-03-18,2023,1,3,March,18,2023-Q1,2023-03
2023-03-14,2023,1,3,March,14,2023-Q1,2023-03
2023-10-26,2023,4,10,October,26,2023-Q4,2023-10
2023-06-20,2023,2,6,June,20,2023-Q2,2023-06
2023-06-16,2023,2,6,June,16,2023-Q2,2023-06
2024-01-29,2024,1,1,January,29,2024-Q1,2024-01
2023-07-08,2023,3,7,July,8,2023-Q3,2023-07
2024-06-13,2024,2,6,June,13,2024-Q2,2024-06
2024-08-10,2024,3,8,August,10,2024-Q3,2024-08
2024-11-09,2024,4,11,November,9,2024-Q4,2024-11
2023-07-29,2023,3,7,July,29,2023-Q3,2023-07
2024-02-04,2024,1,2,February,4,2024-Q1,2024-02
2024-02-17,2024,1,2,February,17,2024-Q1,2024-02
2023-09-18,2023,3,9,September,18,2023-Q3,2023-09
2024-11-23,2024,4,11,November,23,2024-Q4,2024-11
2004-12-17,2004,4,12,December,17,2004-Q4,2004-12
2023-09-17,2023,3,9,September,17,2023-Q3,2023-09
2024-04-29,2024,2,4,April,29,2024-Q2,2024-04
2023-12-19,2023,4,12,December,19,2023-Q4,2023-12
2017-12-16,2017,4,12,December,16,2017-Q4,2017-12
2025-01-30,2025,1,1,January,30,2025-Q1,2025-01
2023-10-12,2023,4,10,October,12,2023-Q4,2023-10
2024-06-03,2024,2,6,June,3,2024-Q2,2024-06
2023-11-11,2023,4,11,November,11,2023-Q4,2023-11
2024-01-18,2024,1,1,January,18,2024-Q1,2024-01
2010-06-29,2010,2,6,June,29,2010-Q2,2010-06
2010-09-27,2010,3,9,September,27,2010-Q3,2010-09
2008-03-03,2008,1,3,March,3,2008-Q1,2008-03
2018-11-16,2018,4,11,November,16,2018-Q4,2018-11
2018-08-16,2018,3,8,August,16,2018-Q3,2018-08
2017-08-17,2017,3,8,August,17,2017-Q3,2017-08
2019-05-02,2019,2,5,May,2,2019-Q2,2019-05
2009-09-12,2009,3,9,September,12,2009-Q3,2009-09
2014-06-30,2014,2,6,June,30,2014-Q2,2014-06
2013-11-26,2013,4,11,November,26,2013-Q4,2013-11
2019-03-25,2019,1,3,March,25,2019-Q1,2019-03
2017-11-10,2017,4,11,November,10,2017-Q4,2017-11
2019-02-20,2019,1,2,February,20,2019-Q1,2019-02
2018-11-01,2018,4,11,November,1,2018-Q4,2018-11
2012-09-19,2012,3,9,September,19,2012-Q3,2012-09
1997-12-15,1997,4,12,December,15,1997-Q4,1997-12
2015-08-18,2015,3,8,August,18,2015-Q3,2015-08
2018-10-07,2018,4,10,October,7,2018-Q4,2018-10
2015-07-30,2015,3,7,July,30,2015-Q3,2015-07
2018-07-04,2018,3,7,July,4,2018-Q3,2018-07
2013-02-25,2013,1,2,February,25,2013-Q1,2013-02
2018-06-26,2018,2,6,June,26,2018-Q2,2018-06
2019-03-18,2019,1,3,March,18,2019-Q1,2019-03
1994-10-03,1994,4,10,October,3,1994-Q4,1994-10
2014-05-26,2014,2,5,May,26,2014-Q2,2014-05
2008-05-12,2008,2,5,May,12,2008-Q2,2008-05
2018-05-16,2018,2,5,May,16,2018-Q2,2018-05
2010-08-18,2010,3,8,August,18,2010-Q3,2010-08
2013-09-19,2013,3,9,September,19,2013-Q3,2013-09
2018-08-23,2018,3,8,August,23,2018-Q3,2018-08
2019-04-25,2019,2,4,April,25,2019-Q2,2019-04
2019-04-27,2019,2,4,April,27,2019-Q2,2019-04
2019-04-29,2019,2,4,April,29,2019-Q2,2019-04
2019-08-05,2019,3,8,August,5,2019-Q3,2019-08
2011-10-31,2011,4,10,October,31,2011-Q4,2011-10
2012-04-28,2012,2,4,April,28,2012-Q2,2012-04
2003-08-22,2003,3,8,August,22,2003-Q3,2003-08
2009-06-11,2009,2,6,June,11,2009-Q2,2009-06
2017-08-15,2017,3,8,August,15,2017-Q3,2017-08
2012-01-10,2012,1,1,January,10,2012-Q1,2012-01
2009-09-17,2009,3,9,September,17,2009-Q3,2009-09
2017-05-30,2017,2,5,May,30,2017-Q2,2017-05
2007-04-18,2007,2,4,April,18,2007-Q2,2007-04
2014-09-15,2014,3,9,September,15,2014-Q3,2014-09
2019-08-08,2019,3,8,August,8,2019-Q3,2019-08
2013-04-06,2013,2,4,April,6,2013-Q2,2013-04
2019-07-29,2019,3,7,July,29,2019-Q3,2019-07
2011-02-18,2011,1,2,February,18,2011-Q1,2011-02
2017-04-09,2017,2,4,April,9,2017-Q2,2017-04
2019-06-09,2019,2,6,June,9,2019-Q2,2019-06
2019-10-16,2019,4,10,October,16,2019-Q4,2019-10
2019-11-12,2019,4,11,November,12,2019-Q4,2019-11
2017-12-13,2017,4,12,December,13,2017-Q4,2017-12
2006-05-05,2006,2,5,May,5,2006-Q2,2006-05
2012-06-15,2012,2,6,June,15,2012-Q2,2012-06
2014-05-22,2014,2,5,May,22,2014-Q2,2014-05
2020-06-01,2020,2,6,June,1,2020-Q2,2020-06
2018-11-06,2018,4,11,November,6,2018-Q4,2018-11
2020-04-01,2020,2,4,April,1,2020-Q2,2020-04
2020-01-27,2020,1,1,January,27,2020-Q1,2020-01
2012-03-31,2012,1,3,March,31,2012-Q1,2012-03
2011-08-16,2011,3,8,August,16,2011-Q3,2011-08
2015-02-27,2015,1,2,February,27,2015-Q1,2015-02
2020-02-13,2020,1,2,February,13,2020-Q1,2020-02
2009-07-21,2009,3,7,July,21,2009-Q3,2009-07
2014-04-07,2014,2,4,April,7,2014-Q2,2014-04
2011-03-28,2011,1,3,March,28,2011-Q1,2011-03
2013-08-31,2013,3,8,August,31,2013-Q3,2013-08
2020-10-04,2020,4,10,October,4,2020-Q4,2020-10
2020-04-17,2020,2,4,April,17,2020-Q2,2020-04
2020-07-05,2020,3,7,July,5,2020-Q3,2020-07
2011-05-08,2011,2,5,May,8,2011-Q2,2011-05
2020-05-26,2020,2,5,May,26,2020-Q2,2020-05
2020-02-06,2020,1,2,February,6,2020-Q1,2020-02
2020-05-15,2020,2,5,May,15,2020-Q2,2020-05
2020-12-06,2020,4,12,December,6,2020-Q4,2020-12
2014-02-20,2014,1,2,February,20,2014-Q1,2014-02
2021-02-02,2021,1,2,February,2,2021-Q1,2021-02
2012-12-17,2012,4,12,December,17,2012-Q4,2012-12
2016-03-18,2016,1,3,March,18,2016-Q1,2016-03
2011-02-21,2011,1,2,February,21,2011-Q1,2011-02
2020-04-07,2020,2,4,April,7,2020-Q2,2020-04
2020-11-08,2020,4,11,November,8,2020-Q4,2020-11
2016-04-29,2016,2,4,April,29,2016-Q2,2016-04
2020-10-13,2020,4,10,October,13,2020-Q4,2020-10
2020-01-06,2020,1,1,January,6,2020-Q1,2020-01
2020-08-18,2020,3,8,August,18,2020-Q3,2020-08
2020-08-13,2020,3,8,August,13,2020-Q3,2020-08
2010-01-03,2010,1,1,January,3,2010-Q1,2010-01
2020-09-18,2020,3,9,September,18,2020-Q3,2020-09
2016-01-18,2016,1,1,January,18,2016-Q1,2016-01
2010-09-09,2010,3,9,September,9,2010-Q3,2010-09
2013-07-30,2013,3,7,July,30,2013-Q3,2013-07
2020-05-11,2020,2,5,May,11,2020-Q2,2020-05
2020-12-11,2020,4,12,December,11,2020-Q4,2020-12
2007-02-11,2007,1,2,February,11,2007-Q1,2007-02
2011-06-28,2011,2,6,June,28,2011-Q2,2011-06
2013-03-02,2013,1,3,March,2,2013-Q1,2013-03
1999-12-16,1999,4,12,December,16,1999-Q4,1999-12
2021-01-13,2021,1,1,January,13,2021-Q1,2021-01
2010-02-24,2010,1,2,February,24,2010-Q1,2010-02
2015-02-09,2015,1,2,February,9,2015-Q1,2015-02
2014-04-29,2014,2,4,April,29,2014-Q2,2014-04
2020-12-22,2020,4,12,December,22,2020-Q4,2020-12
2008-01-12,2008,1,1,January,12,2008-Q1,2008-01
2013-04-27,2013,2,4,April,27,2013-Q2,2013-04
2008-10-01,2008,4,10,October,1,2008-Q4,2008-10
2018-04-24,2018,2,4,April,24,2018-Q2,2018-04
2004-08-17,2004,3,8,August,17,2004-Q3,2004-08
2015-09-22,2015,3,9,September,22,2015-Q3,2015-09
2012-10-20,2012,4,10,October,20,2012-Q4,2012-10
2016-08-31,2016,3,8,August,31,2016-Q3,2016-08
2018-05-30,2018,2,5,May,30,2018-Q2,2018-05
2016-07-21,2016,3,7,July,21,2016-Q3,2016-07
2014-05-08,2014,2,5,May,8,2014-Q2,2014-05
2018-06-11,2018,2,6,June,11,2018-Q2,2018-06
2011-12-08,2011,4,12,December,8,2011-Q4,2011-12
2018-11-26,2018,4,11,November,26,2018-Q4,2018-11
2016-12-08,2016,4,12,December,8,2016-Q4,2016-12
2017-04-19,2017,2,4,April,19,2017-Q2,2017-04
2002-12-17,2002,4,12,December,17,2002-Q4,2002-12
1998-04-04,1998,2,4,April,4,1998-Q2,1998-04
2010-06-17,2010,2,6,June,17,2010-Q2,2010-06
2017-07-13,2017,3,7,July,13,2017-Q3,2017-07
2007-07-23,2007,3,7,July,23,2007-Q3,2007-07
2000-05-30,2000,2,5,May,30,2000-Q2,2000-05
2001-02-28,2001,1,2,February,28,2001-Q1,2001-02
2016-03-15,2016,1,3,March,15,2016-Q1,2016-03
2009-02-03,2009,1,2,February,3,2009-Q1,2009-02
2004-11-29,2004,4,11,November,29,2004-Q4,2004-11
2017-09-28,2017,3,9,September,28,2017-Q3,2017-09
2016-09-20,2016,3,9,September,20,2016-Q3,2016-09
2013-01-21,2013,1,1,January,21,2013-Q1,2013-01
1994-11-03,1994,4,11,November,3,1994-Q4,1994-11
2000-03-31,2000,1,3,March,31,2000-Q1,2000-03
2008-08-07,2008,3,8,August,7,2008-Q3,2008-08
2009-05-14,2009,2,5,May,14,2009-Q2,2009-05
2000-08-16,2000,3,8,August,16,2000-Q3,2000-08
2014-01-22,2014,1,1,January,22,2014-Q1,2014-01
2010-09-16,2010,3,9,September,16,2010-Q3,2010-09
2018-05-12,2018,2,5,May,12,2018-Q2,2018-05
2002-05-27,2002,2,5,May,27,2002-Q2,2002-05
2017-07-25,2017,3,7,July,25,2017-Q3,2017-07
2010-12-14,2010,4,12,December,14,2010-Q4,2010-12
2000-12-12,2000,4,12,December,12,2000-Q4,2000-12
2013-09-07,2013,3,9,September,7,2013-Q3,2013-09
2012-07-24,2012,3,7,July,24,2012-Q3,2012-07
2012-12-11,2012,4,12,December,11,2012-Q4,2012-12
2013-09-17,2013,3,9,September,17,2013-Q3,2013-09
1992-08-07,1992,3,8,August,7,1992-Q3,1992-08
1997-01-20,1997,1,1,January,20,1997-Q1,1997-01
2012-04-03,2012,2,4,April,3,2012-Q2,2012-04
2009-05-20,2009,2,5,May,20,2009-Q2,2009-05
2012-10-10,2012,4,10,October,10,2012-Q4,2012-10
2005-10-08,2005,4,10,October,8,2005-Q4,2005-10
1999-12-31,1999,4,12,December,31,1999-Q4,1999-12
2006-08-17,2006,3,8,August,17,2006-Q3,2006-08
2017-06-10,2017,2,6,June,10,2017-Q2,2017-06
2009-09-04,2009,3,9,September,4,2009-Q3,2009-09
2005-08-02,2005,3,8,August,2,2005-Q3,2005-08
2012-05-12,2012,2,5,May,12,2012-Q2,2012-05
2017-03-17,2017,1,3,March,17,2017-Q1,2017-03
2015-05-13,2015,2,5,May,13,2015-Q2,2015-05
2000-03-24,2000,1,3,March,24,2000-Q1,2000-03
2021-05-01,2021,2,5,May,1,2021-Q2,2021-05
2018-10-09,2018,4,10,October,9,2018-Q4,2018-10
2007-05-25,2007,2,5,May,25,2007-Q2,2007-05
2014-06-10,2014,2,6,June,10,2014-Q2,2014-06
2015-09-11,2015,3,9,September,11,2015-Q3,2015-09
2013-10-16,2013,4,10,October,16,2013-Q4,2013-10
2015-12-16,2015,4,12,December,16,2015-Q4,2015-12
2000-04-19,2000,2,4,April,19,2000-Q2,2000-04
2002-12-04,2002,4,12,December,4,2002-Q4,2002-12
2007-05-31,2007,2,5,May,31,2007-Q2,2007-05
2016-10-28,2016,4,10,October,28,2016-Q4,2016-10
2017-03-01,2017,1,3,March,1,2017-Q1,2017-03
1998-03-04,1998,1,3,March,4,1998-Q1,1998-03
2012-02-24,2012,1,2,February,24,2012-Q1,2012-02
2005-06-15,2005,2,6,June,15,2005-Q2,2005-06
2012-11-15,2012,4,11,November,15,2012-Q4,2012-11
2015-02-01,2015,1,2,February,1,2015-Q1,2015-02
1998-10-07,1998,4,10,October,7,1998-Q4,1998-10
2016-11-07,2016,4,11,November,7,2016-Q4,2016-11
2006-01-26,2006,1,1,January,26,2006-Q1,2006-01
2011-01-03,2011,1,1,January,3,2011-Q1,2011-01
2003-09-29,2003,3,9,September,29,2003-Q3,2003-09
2011-02-03,2011,1,2,February,3,2011-Q1,2011-02
2015-03-24,2015,1,3,March,24,2015-Q1,2015-03
2001-10-22,2001,4,10,October,22,2001-Q4,2001-10
2008-02-01,2008,1,2,February,1,2008-Q1,2008-02
2002-11-02,2002,4,11,November,2,2002-Q4,2002-11
2021-03-25,2021,1,3,March,25,2021-Q1,2021-03
2000-08-05,2000,3,8,August,5,2000-Q3,2000-08
2004-08-19,2004,3,8,August,19,2004-Q3,2004-08
1992-05-19,1992,2,5,May,19,1992-Q2,1992-05
2007-02-03,2007,1,2,February,3,2007-Q1,2007-02
2006-11-28,2006,4,11,November,28,2006-Q4,2006-11
2006-10-30,2006,4,10,October,30,2006-Q4,2006-10
2004-12-14,2004,4,12,December,14,2004-Q4,2004-12
2013-03-09,2013,1,3,March,9,2013-Q1,2013-03
2021-03-19,2021,1,3,March,19,2021-Q1,2021-03
2021-02-21,2021,1,2,February,21,2021-Q1,2021-02
2021-02-20,2021,1,2,February,20,2021-Q1,2021-02
2021-04-16,2021,2,4,April,16,2021-Q2,2021-04
2016-12-30,2016,4,12,December,30,2016-Q4,2016-12
2021-03-30,2021,1,3,March,30,2021-Q1,2021-03
2021-04-29,2021,2,4,April,29,2021-Q2,2021-04
1999-05-11,1999,2,5,May,11,1999-Q2,1999-05
2023-09-27,2023,3,9,September,27,2023-Q3,2023-09
2021-05-17,2021,2,5,May,17,2021-Q2,2021-05
2020-11-22,2020,4,11,November,22,2020-Q4,2020-11
2021-02-06,2021,1,2,February,6,2021-Q1,2021-02
2024-06-29,2024,2,6,June,29,2024-Q2,2024-06
2021-03-08,2021,1,3,March,8,2021-Q1,2021-03
2021-12-07,2021,4,12,December,7,2021-Q4,2021-12
2021-07-27,2021,3,7,July,27,2021-Q3,2021-07
2021-10-07,2021,4,10,October,7,2021-Q4,2021-10
2021-05-10,2021,2,5,May,10,2021-Q2,2021-05
2022-10-24,2022,4,10,October,24,2022-Q4,2022-10
2021-05-11,2021,2,5,May,11,2021-Q2,2021-05
2021-10-25,2021,4,10,October,25,2021-Q4,2021-10
2022-05-11,2022,2,5,May,11,2022-Q2,2022-05
2021-09-11,2021,3,9,September,11,2021-Q3,2021-09
2022-01-17,2022,1,1,January,17,2022-Q1,2022-01
2017-03-04,2017,1,3,March,4,2017-Q1,2017-03
2018-07-26,2018,3,7,July,26,2018-Q3,2018-07
2018-03-01,2018,1,3,March,1,2018-Q1,2018-03
2003-10-03,2003,4,10,October,3,2003-Q4,2003-10
2022-01-19,2022,1,1,January,19,2022-Q1,2022-01
2009-04-11,2009,2,4,April,11,2009-Q2,2009-04
2022-03-24,2022,1,3,March,24,2022-Q1,2022-03
2010-08-16,2010,3,8,August,16,2010-Q3,2010-08
2022-08-02,2022,3,8,August,2,2022-Q3,2022-08
2022-02-17,2022,1,2,February,17,2022-Q1,2022-02
2022-02-26,2022,1,2,February,26,2022-Q1,2022-02
2022-03-19,2022,1,3,March,19,2022-Q1,2022-03
2022-03-25,2022,1,3,March,25,2022-Q1,2022-03
2024-05-31,2024,2,5,May,31,2024-Q2,2024-05
2005-04-10,2005,2,4,April,10,2005-Q2,2005-04
2022-04-30,2022,2,4,April,30,2022-Q2,2022-04
2022-10-08,2022,4,10,October,8,2022-Q4,2022-10
2022-09-30,2022,3,9,September,30,2022-Q3,2022-09
2006-10-08,2006,4,10,October,8,2006-Q4,2006-10
2022-06-05,2022,2,6,June,5,2022-Q2,2022-06
2022-07-05,2022,3,7,July,5,2022-Q3,2022-07
2022-08-25,2022,3,8,August,25,2022-Q3,2022-08
2022-08-08,2022,3,8,August,8,2022-Q3,2022-08
1999-07-15,1999,3,7,July,15,1999-Q3,1999-07
2023-02-20,2023,1,2,February,20,2023-Q1,2023-02
2022-03-12,2022,1,3,March,12,2022-Q1,2022-03
2023-08-23,2023,3,8,August,23,2023-Q3,2023-08
2022-09-13,2022,3,9,September,13,2022-Q3,2022-09
2023-05-27,2023,2,5,May,27,2023-Q2,2023-05
2023-03-27,2023,1,3,March,27,2023-Q1,2023-03
2023-06-19,2023,2,6,June,19,2023-Q2,2023-06
2023-07-19,2023,3,7,July,19,2023-Q3,2023-07
2024-01-05,2024,1,1,January,5,2024-Q1,2024-01
2023-01-30,2023,1,1,January,30,2023-Q1,2023-01
2023-03-29,2023,1,3,March,29,2023-Q1,2023-03
2023-07-24,2023,3,7,July,24,2023-Q3,2023-07
2023-12-07,2023,4,12,December,7,2023-Q4,2023-12
2023-06-03,2023,2,6,June,3,2023-Q2,2023-06
2022-11-12,2022,4,11,November,12,2022-Q4,2022-11
2009-05-06,2009,2,5,May,6,2009-Q2,2009-05
2024-11-01,2024,4,11,November,1,2024-Q4,2024-11
2023-01-08,2023,1,1,January,8,2023-Q1,2023-01
2023-01-04,2023,1,1,January,4,2023-Q1,2023-01
2023-01-21,2023,1,1,January,21,2023-Q1,2023-01
2023-07-18,2023,3,7,July,18,2023-Q3,2023-07
2023-04-22,2023,2,4,April,22,2023-Q2,2023-04
2024-01-31,2024,1,1,January,31,2024-Q1,2024-01
2023-02-27,2023,1,2,February,27,2023-Q1,2023-02
2024-03-24,2024,1,3,March,24,2024-Q1,2024-03
2026-05-28,2026,2,5,May,28,2026-Q2,2026-05
2025-01-06,2025,1,1,January,6,2025-Q1,2025-01
2024-01-25,2024,1,1,January,25,2024-Q1,2024-01
2017-12-20,2017,4,12,December,20,2017-Q4,2017-12
2023-11-06,2023,4,11,November,6,2023-Q4,2023-11
2023-12-31,2023,4,12,December,31,2023-Q4,2023-12
2023-12-27,2023,4,12,December,27,2023-Q4,2023-12
2023-10-30,2023,4,10,October,30,2023-Q4,2023-10
2024-11-15,2024,4,11,November,15,2024-Q4,2024-11
2024-05-03,2024,2,5,May,3,2024-Q2,2024-05
2024-01-02,2024,1,1,January,2,2024-Q1,2024-01
2024-12-06,2024,4,12,December,6,2024-Q4,2024-12
2024-08-20,2024,3,8,August,20,2024-Q3,2024-08
2024-01-23,2024,1,1,January,23,2024-Q1,2024-01
2024-11-03,2024,4,11,November,3,2024-Q4,2024-11
2024-01-03,2024,1,1,January,3,2024-Q1,2024-01
2024-05-02,2024,2,5,May,2,2024-Q2,2024-05
2024-07-25,2024,3,7,July,25,2024-Q3,2024-07
2004-05-15,2004,2,5,May,15,2004-Q2,2004-05
2010-08-31,2010,3,8,August,31,2010-Q3,2010-08
2017-11-13,2017,4,11,November,13,2017-Q4,2017-11
2010-06-22,2010,2,6,June,22,2010-Q2,2010-06
2014-08-15,2014,3,8,August,15,2014-Q3,2014-08
2018-04-01,2018,2,4,April,1,2018-Q2,2018-04
2009-09-23,2009,3,9,September,23,2009-Q3,2009-09
2016-03-31,2016,1,3,March,31,2016-Q1,2016-03
2016-02-06,2016,1,2,February,6,2016-Q1,2016-02
2010-05-25,2010,2,5,May,25,2010-Q2,2010-05
2011-11-23,2011,4,11,November,23,2011-Q4,2011-11
2019-01-02,2019,1,1,January,2,2019-Q1,2019-01
2018-11-23,2018,4,11,November,23,2018-Q4,2018-11
2016-01-12,2016,1,1,January,12,2016-Q1,2016-01
2018-05-14,2018,2,5,May,14,2018-Q2,2018-05
2010-06-21,2010,2,6,June,21,2010-Q2,2010-06
2009-09-24,2009,3,9,September,24,2009-Q3,2009-09
2017-01-03,2017,1,1,January,3,2017-Q1,2017-01
2013-06-28,2013,2,6,June,28,2013-Q2,2013-06
2019-02-05,2019,1,2,February,5,2019-Q1,2019-02
2006-09-08,2006,3,9,September,8,2006-Q3,2006-09
2019-05-16,2019,2,5,May,16,2019-Q2,2019-05
2019-07-06,2019,3,7,July,6,2019-Q3,2019-07
2019-05-17,2019,2,5,May,17,2019-Q2,2019-05
2019-05-23,2019,2,5,May,23,2019-Q2,2019-05
2012-02-07,2012,1,2,February,7,2012-Q1,2012-02
2019-12-06,2019,4,12,December,6,2019-Q4,2019-12
2021-03-18,2021,1,3,March,18,2021-Q1,2021-03
2019-02-08,2019,1,2,February,8,2019-Q1,2019-02
2023-04-28,2023,2,4,April,28,2023-Q2,2023-04
2018-12-14,2018,4,12,December,14,2018-Q4,2018-12
2016-10-26,2016,4,10,October,26,2016-Q4,2016-10
2015-05-29,2015,2,5,May,29,2015-Q2,2015-05
2009-06-23,2009,2,6,June,23,2009-Q2,2009-06
2006-07-19,2006,3,7,July,19,2006-Q3,2006-07
2008-04-12,2008,2,4,April,12,2008-Q2,2008-04
2019-08-13,2019,3,8,August,13,2019-Q3,2019-08
2019-04-09,2019,2,4,April,9,2019-Q2,2019-04
2013-06-20,2013,2,6,June,20,2013-Q2,2013-06
2019-12-08,2019,4,12,December,8,2019-Q4,2019-12
2019-08-27,2019,3,8,August,27,2019-Q3,2019-08
2019-01-09,2019,1,1,January,9,2019-Q1,2019-01
2010-08-26,2010,3,8,August,26,2010-Q3,2010-08
2019-08-28,2019,3,8,August,28,2019-Q3,2019-08
2017-09-14,2017,3,9,September,14,2017-Q3,2017-09
2019-09-13,2019,3,9,September,13,2019-Q3,2019-09
2019-09-24,2019,3,9,September,24,2019-Q3,2019-09
2014-02-12,2014,1,2,February,12,2014-Q1,2014-02
2019-02-09,2019,1,2,February,9,2019-Q1,2019-02
2018-05-28,2018,2,5,May,28,2018-Q2,2018-05
2019-10-23,2019,4,10,October,23,2019-Q4,2019-10
2014-04-04,2014,2,4,April,4,2014-Q2,2014-04
2019-10-24,2019,4,10,October,24,2019-Q4,2019-10
2014-05-19,2014,2,5,May,19,2014-Q2,2014-05
2009-12-29,2009,4,12,December,29,2009-Q4,2009-12
2014-01-07,2014,1,1,January,7,2014-Q1,2014-01
2012-06-19,2012,2,6,June,19,2012-Q2,2012-06
2008-12-19,2008,4,12,December,19,2008-Q4,2008-12
2019-11-15,2019,4,11,November,15,2019-Q4,2019-11
2010-01-06,2010,1,1,January,6,2010-Q1,2010-01
2018-11-15,2018,4,11,November,15,2018-Q4,2018-11
2019-09-30,2019,3,9,September,30,2019-Q3,2019-09
2013-11-22,2013,4,11,November,22,2013-Q4,2013-11
2009-05-11,2009,2,5,May,11,2009-Q2,2009-05
2014-07-26,2014,3,7,July,26,2014-Q3,2014-07
2017-07-26,2017,3,7,July,26,2017-Q3,2017-07
2018-02-21,2018,1,2,February,21,2018-Q1,2018-02
2020-01-20,2020,1,1,January,20,2020-Q1,2020-01
2015-02-26,2015,1,2,February,26,2015-Q1,2015-02
2017-07-07,2017,3,7,July,7,2017-Q3,2017-07
2015-03-26,2015,1,3,March,26,2015-Q1,2015-03
2007-09-13,2007,3,9,September,13,2007-Q3,2007-09
2013-03-26,2013,1,3,March,26,2013-Q1,2013-03
2012-02-10,2012,1,2,February,10,2012-Q1,2012-02
2020-03-04,2020,1,3,March,4,2020-Q1,2020-03
2020-04-27,2020,2,4,April,27,2020-Q2,2020-04
2020-05-13,2020,2,5,May,13,2020-Q2,2020-05
2024-06-02,2024,2,6,June,2,2024-Q2,2024-06
2020-07-17,2020,3,7,July,17,2020-Q3,2020-07
2020-06-19,2020,2,6,June,19,2020-Q2,2020-06
2020-06-18,2020,2,6,June,18,2020-Q2,2020-06
2020-06-29,2020,2,6,June,29,2020-Q2,2020-06
2020-07-10,2020,3,7,July,10,2020-Q3,2020-07
2020-05-31,2020,2,5,May,31,2020-Q2,2020-05
2020-06-08,2020,2,6,June,8,2020-Q2,2020-06
2009-06-03,2009,2,6,June,3,2009-Q2,2009-06
2002-09-07,2002,3,9,September,7,2002-Q3,2002-09
2017-10-27,2017,4,10,October,27,2017-Q4,2017-10
2013-06-14,2013,2,6,June,14,2013-Q2,2013-06
2007-06-13,2007,2,6,June,13,2007-Q2,2007-06
2014-09-05,2014,3,9,September,5,2014-Q3,2014-09
2010-11-11,2010,4,11,November,11,2010-Q4,2010-11
2007-12-17,2007,4,12,December,17,2007-Q4,2007-12
2015-04-21,2015,2,4,April,21,2015-Q2,2015-04
2011-05-12,2011,2,5,May,12,2011-Q2,2011-05
2020-11-26,2020,4,11,November,26,2020-Q4,2020-11
2017-11-09,2017,4,11,November,9,2017-Q4,2017-11
2018-01-06,2018,1,1,January,6,2018-Q1,2018-01
2010-09-22,2010,3,9,September,22,2010-Q3,2010-09
2021-02-17,2021,1,2,February,17,2021-Q1,2021-02
2009-03-12,2009,1,3,March,12,2009-Q1,2009-03
2008-12-31,2008,4,12,December,31,2008-Q4,2008-12
2007-05-24,2007,2,5,May,24,2007-Q2,2007-05
2018-02-27,2018,1,2,February,27,2018-Q1,2018-02
2018-09-02,2018,3,9,September,2,2018-Q3,2018-09
2008-11-04,2008,4,11,November,4,2008-Q4,2008-11
2008-10-24,2008,4,10,October,24,2008-Q4,2008-10
2009-06-30,2009,2,6,June,30,2009-Q2,2009-06
2015-03-06,2015,1,3,March,6,2015-Q1,2015-03
2006-06-04,2006,2,6,June,4,2006-Q2,2006-06
2015-08-14,2015,3,8,August,14,2015-Q3,2015-08
2010-06-27,2010,2,6,June,27,2010-Q2,2010-06
2018-11-19,2018,4,11,November,19,2018-Q4,2018-11
2013-05-09,2013,2,5,May,9,2013-Q2,2013-05
2010-04-13,2010,2,4,April,13,2010-Q2,2010-04
2011-10-26,2011,4,10,October,26,2011-Q4,2011-10
2011-09-21,2011,3,9,September,21,2011-Q3,2011-09
2011-09-06,2011,3,9,September,6,2011-Q3,2011-09
2006-11-22,2006,4,11,November,22,2006-Q4,2006-11
2016-05-20,2016,2,5,May,20,2016-Q2,2016-05
2011-12-04,2011,4,12,December,4,2011-Q4,2011-12
2017-06-04,2017,2,6,June,4,2017-Q2,2017-06
2010-05-28,2010,2,5,May,28,2010-Q2,2010-05
2009-02-12,2009,1,2,February,12,2009-Q1,2009-02
2010-03-05,2010,1,3,March,5,2010-Q1,2010-03
2013-02-21,2013,1,2,February,21,2013-Q1,2013-02
2012-09-23,2012,3,9,September,23,2012-Q3,2012-09
2011-01-07,2011,1,1,January,7,2011-Q1,2011-01
2018-07-23,2018,3,7,July,23,2018-Q3,2018-07
2006-12-14,2006,4,12,December,14,2006-Q4,2006-12
2014-07-08,2014,3,7,July,8,2014-Q3,2014-07
2010-03-23,2010,1,3,March,23,2010-Q1,2010-03
2008-08-21,2008,3,8,August,21,2008-Q3,2008-08
2018-12-04,2018,4,12,December,4,2018-Q4,2018-12
2002-12-31,2002,4,12,December,31,2002-Q4,2002-12
2017-07-12,2017,3,7,July,12,2017-Q3,2017-07
2009-05-15,2009,2,5,May,15,2009-Q2,2009-05
2000-02-08,2000,1,2,February,8,2000-Q1,2000-02
2011-10-12,2011,4,10,October,12,2011-Q4,2011-10
2016-06-17,2016,2,6,June,17,2016-Q2,2016-06
2015-12-17,2015,4,12,December,17,2015-Q4,2015-12
2007-03-09,2007,1,3,March,9,2007-Q1,2007-03
2004-09-27,2004,3,9,September,27,2004-Q3,2004-09
2015-07-05,2015,3,7,July,5,2015-Q3,2015-07
2014-02-13,2014,1,2,February,13,2014-Q1,2014-02
2018-12-09,2018,4,12,December,9,2018-Q4,2018-12
2001-12-18,2001,4,12,December,18,2001-Q4,2001-12
2007-08-22,2007,3,8,August,22,2007-Q3,2007-08
2012-08-23,2012,3,8,August,23,2012-Q3,2012-08
2016-12-01,2016,4,12,December,1,2016-Q4,2016-12
2018-04-13,2018,2,4,April,13,2018-Q2,2018-04
2013-10-23,2013,4,10,October,23,2013-Q4,2013-10
2017-02-01,2017,1,2,February,1,2017-Q1,2017-02
2000-07-14,2000,3,7,July,14,2000-Q3,2000-07
2020-08-15,2020,3,8,August,15,2020-Q3,2020-08
2002-01-08,2002,1,1,January,8,2002-Q1,2002-01
2014-04-03,2014,2,4,April,3,2014-Q2,2014-04
2010-03-17,2010,1,3,March,17,2010-Q1,2010-03
2010-01-09,2010,1,1,January,9,2010-Q1,2010-01
2000-03-13,2000,1,3,March,13,2000-Q1,2000-03
1992-09-28,1992,3,9,September,28,1992-Q3,1992-09
2008-11-07,2008,4,11,November,7,2008-Q4,2008-11
2011-08-07,2011,3,8,August,7,2011-Q3,2011-08
2012-02-17,2012,1,2,February,17,2012-Q1,2012-02
2011-09-08,2011,3,9,September,8,2011-Q3,2011-09
2008-02-19,2008,1,2,February,19,2008-Q1,2008-02
1992-01-20,1992,1,1,January,20,1992-Q1,1992-01
2015-01-12,2015,1,1,January,12,2015-Q1,2015-01
2016-07-19,2016,3,7,July,19,2016-Q3,2016-07
2012-07-25,2012,3,7,July,25,2012-Q3,2012-07
2021-09-03,2021,3,9,September,3,2021-Q3,2021-09
2006-04-27,2006,2,4,April,27,2006-Q2,2006-04
1999-01-20,1999,1,1,January,20,1999-Q1,1999-01
2019-07-15,2019,3,7,July,15,2019-Q3,2019-07
2008-12-03,2008,4,12,December,3,2008-Q4,2008-12
2007-04-17,2007,2,4,April,17,2007-Q2,2007-04
2015-02-04,2015,1,2,February,4,2015-Q1,2015-02
2007-05-21,2007,2,5,May,21,2007-Q2,2007-05
2004-03-29,2004,1,3,March,29,2004-Q1,2004-03
2006-03-07,2006,1,3,March,7,2006-Q1,2006-03
1995-11-15,1995,4,11,November,15,1995-Q4,1995-11
2013-11-02,2013,4,11,November,2,2013-Q4,2013-11
2004-06-12,2004,2,6,June,12,2004-Q2,2004-06
2017-08-22,2017,3,8,August,22,2017-Q3,2017-08
2018-09-26,2018,3,9,September,26,2018-Q3,2018-09
2010-10-11,2010,4,10,October,11,2010-Q4,2010-10
2007-09-08,2007,3,9,September,8,2007-Q3,2007-09
2013-08-10,2013,3,8,August,10,2013-Q3,2013-08
1993-10-21,1993,4,10,October,21,1993-Q4,1993-10
2016-04-08,2016,2,4,April,8,2016-Q2,2016-04
1997-08-28,1997,3,8,August,28,1997-Q3,1997-08
2007-01-19,2007,1,1,January,19,2007-Q1,2007-01
2016-03-11,2016,1,3,March,11,2016-Q1,2016-03
2000-01-11,2000,1,1,January,11,2000-Q1,2000-01
2006-10-10,2006,4,10,October,10,2006-Q4,2006-10
2008-05-27,2008,2,5,May,27,2008-Q2,2008-05
1998-04-05,1998,2,4,April,5,1998-Q2,1998-04
2016-11-02,2016,4,11,November,2,2016-Q4,2016-11
2013-07-17,2013,3,7,July,17,2013-Q3,2013-07
2021-12-15,2021,4,12,December,15,2021-Q4,2021-12
2015-09-07,2015,3,9,September,7,2015-Q3,2015-09
2004-12-21,2004,4,12,December,21,2004-Q4,2004-12
2018-03-29,2018,1,3,March,29,2018-Q1,2018-03
2021-01-27,2021,1,1,January,27,2021-Q1,2021-01
2002-11-12,2002,4,11,November,12,2002-Q4,2002-11
1999-01-19,1999,1,1,January,19,1999-Q1,1999-01
2006-11-16,2006,4,11,November,16,2006-Q4,2006-11
2014-04-17,2014,2,4,April,17,2014-Q2,2014-04
2014-04-24,2014,2,4,April,24,2014-Q2,2014-04
2016-07-01,2016,3,7,July,1,2016-Q3,2016-07
2000-11-15,2000,4,11,November,15,2000-Q4,2000-11
1992-07-29,1992,3,7,July,29,1992-Q3,1992-07
2021-01-31,2021,1,1,January,31,2021-Q1,2021-01
2014-05-29,2014,2,5,May,29,2014-Q2,2014-05
2013-04-16,2013,2,4,April,16,2013-Q2,2013-04
2018-10-29,2018,4,10,October,29,2018-Q4,2018-10
2021-02-27,2021,1,2,February,27,2021-Q1,2021-02
2011-08-24,2011,3,8,August,24,2011-Q3,2011-08
2021-03-22,2021,1,3,March,22,2021-Q1,2021-03
2012-02-13,2012,1,2,February,13,2012-Q1,2012-02
2021-11-05,2021,4,11,November,5,2021-Q4,2021-11
2021-06-16,2021,2,6,June,16,2021-Q2,2021-06
2021-11-24,2021,4,11,November,24,2021-Q4,2021-11
2016-06-23,2016,2,6,June,23,2016-Q2,2016-06
2021-06-09,2021,2,6,June,9,2021-Q2,2021-06
2021-07-20,2021,3,7,July,20,2021-Q3,2021-07
2021-07-18,2021,3,7,July,18,2021-Q3,2021-07
2021-01-08,2021,1,1,January,8,2021-Q1,2021-01
2021-08-17,2021,3,8,August,17,2021-Q3,2021-08
2022-10-02,2022,4,10,October,2,2022-Q4,2022-10
2021-09-21,2021,3,9,September,21,2021-Q3,2021-09
2021-09-29,2021,3,9,September,29,2021-Q3,2021-09
2021-09-10,2021,3,9,September,10,2021-Q3,2021-09
2021-10-16,2021,4,10,October,16,2021-Q4,2021-10
2021-11-11,2021,4,11,November,11,2021-Q4,2021-11
2021-11-25,2021,4,11,November,25,2021-Q4,2021-11
2021-11-21,2021,4,11,November,21,2021-Q4,2021-11
2021-11-22,2021,4,11,November,22,2021-Q4,2021-11
2021-09-12,2021,3,9,September,12,2021-Q3,2021-09
2022-04-04,2022,2,4,April,4,2022-Q2,2022-04
2024-06-12,2024,2,6,June,12,2024-Q2,2024-06
2021-12-22,2021,4,12,December,22,2021-Q4,2021-12
1994-05-05,1994,2,5,May,5,1994-Q2,1994-05
1992-12-16,1992,4,12,December,16,1992-Q4,1992-12
2003-10-31,2003,4,10,October,31,2003-Q4,2003-10
2016-08-03,2016,3,8,August,3,2016-Q3,2016-08
2016-02-23,2016,1,2,February,23,2016-Q1,2016-02
2013-04-02,2013,2,4,April,2,2013-Q2,2013-04
2022-01-14,2022,1,1,January,14,2022-Q1,2022-01
2022-12-03,2022,4,12,December,3,2022-Q4,2022-12
2022-03-04,2022,1,3,March,4,2022-Q1,2022-03
2011-03-08,2011,1,3,March,8,2011-Q1,2011-03
2022-08-26,2022,3,8,August,26,2022-Q3,2022-08
2022-02-11,2022,1,2,February,11,2022-Q1,2022-02
2022-08-13,2022,3,8,August,13,2022-Q3,2022-08
2022-12-19,2022,4,12,December,19,2022-Q4,2022-12
2023-05-04,2023,2,5,May,4,2023-Q2,2023-05
2022-05-27,2022,2,5,May,27,2022-Q2,2022-05
2022-12-08,2022,4,12,December,8,2022-Q4,2022-12
2022-06-06,2022,2,6,June,6,2022-Q2,2022-06
2023-08-22,2023,3,8,August,22,2023-Q3,2023-08
2022-08-24,2022,3,8,August,24,2022-Q3,2022-08
2023-07-28,2023,3,7,July,28,2023-Q3,2023-07
2022-09-07,2022,3,9,September,7,2022-Q3,2022-09
2022-07-15,2022,3,7,July,15,2022-Q3,2022-07
2022-07-24,2022,3,7,July,24,2022-Q3,2022-07
2022-08-17,2022,3,8,August,17,2022-Q3,2022-08
2022-04-09,2022,2,4,April,9,2022-Q2,2022-04
2023-07-25,2023,3,7,July,25,2023-Q3,2023-07
2023-09-05,2023,3,9,September,5,2023-Q3,2023-09
2023-11-21,2023,4,11,November,21,2023-Q4,2023-11
2023-02-02,2023,1,2,February,2,2023-Q1,2023-02
2022-11-21,2022,4,11,November,21,2022-Q4,2022-11
2022-11-17,2022,4,11,November,17,2022-Q4,2022-11
2022-12-12,2022,4,12,December,12,2022-Q4,2022-12
2023-05-13,2023,2,5,May,13,2023-Q2,2023-05
2023-09-14,2023,3,9,September,14,2023-Q3,2023-09
2023-02-03,2023,1,2,February,3,2023-Q1,2023-02
2023-01-23,2023,1,1,January,23,2023-Q1,2023-01
2024-04-14,2024,2,4,April,14,2024-Q2,2024-04
2024-02-01,2024,1,2,February,1,2024-Q1,2024-02
2023-07-21,2023,3,7,July,21,2023-Q3,2023-07
2023-06-22,2023,2,6,June,22,2023-Q2,2023-06
2024-06-24,2024,2,6,June,24,2024-Q2,2024-06
2025-07-20,2025,3,7,July,20,2025-Q3,2025-07
2023-11-19,2023,4,11,November,19,2023-Q4,2023-11
2023-08-17,2023,3,8,August,17,2023-Q3,2023-08
2025-02-01,2025,1,2,February,1,2025-Q1,2025-02
2023-04-29,2023,2,4,April,29,2023-Q2,2023-04
2023-10-27,2023,4,10,October,27,2023-Q4,2023-10
2023-07-20,2023,3,7,July,20,2023-Q3,2023-07
2024-07-05,2024,3,7,July,5,2024-Q3,2024-07
2024-12-08,2024,4,12,December,8,2024-Q4,2024-12
1994-07-18,1994,3,7,July,18,1994-Q3,1994-07
2023-11-14,2023,4,11,November,14,2023-Q4,2023-11
2023-12-13,2023,4,12,December,13,2023-Q4,2023-12
2023-10-28,2023,4,10,October,28,2023-Q4,2023-10
2023-09-16,2023,3,9,September,16,2023-Q3,2023-09
2024-08-02,2024,3,8,August,2,2024-Q3,2024-08
2024-07-30,2024,3,7,July,30,2024-Q3,2024-07
2024-01-01,2024,1,1,January,1,2024-Q1,2024-01
2024-07-17,2024,3,7,July,17,2024-Q3,2024-07
2024-11-05,2024,4,11,November,5,2024-Q4,2024-11
2017-10-08,2017,4,10,October,8,2017-Q4,2017-10
2014-02-19,2014,1,2,February,19,2014-Q1,2014-02
2018-04-27,2018,2,4,April,27,2018-Q2,2018-04
2017-07-19,2017,3,7,July,19,2017-Q3,2017-07
2017-05-18,2017,2,5,May,18,2017-Q2,2017-05
2017-01-27,2017,1,1,January,27,2017-Q1,2017-01
2019-01-16,2019,1,1,January,16,2019-Q1,2019-01
2019-12-02,2019,4,12,December,2,2019-Q4,2019-12
2008-04-27,2008,2,4,April,27,2008-Q2,2008-04
2014-02-18,2014,1,2,February,18,2014-Q1,2014-02
2019-01-22,2019,1,1,January,22,2019-Q1,2019-01
2017-01-06,2017,1,1,January,6,2017-Q1,2017-01
2015-06-23,2015,2,6,June,23,2015-Q2,2015-06
2010-12-13,2010,4,12,December,13,2010-Q4,2010-12
2017-11-08,2017,4,11,November,8,2017-Q4,2017-11
2011-12-12,2011,4,12,December,12,2011-Q4,2011-12
2011-11-07,2011,4,11,November,7,2011-Q4,2011-11
2017-11-12,2017,4,11,November,12,2017-Q4,2017-11
2018-10-08,2018,4,10,October,8,2018-Q4,2018-10
2013-03-14,2013,1,3,March,14,2013-Q1,2013-03
2007-09-21,2007,3,9,September,21,2007-Q3,2007-09
2011-06-15,2011,2,6,June,15,2011-Q2,2011-06
2019-06-05,2019,2,6,June,5,2019-Q2,2019-06
2008-08-13,2008,3,8,August,13,2008-Q3,2008-08
2010-12-29,2010,4,12,December,29,2010-Q4,2010-12
2007-11-13,2007,4,11,November,13,2007-Q4,2007-11
2019-12-07,2019,4,12,December,7,2019-Q4,2019-12
2012-07-03,2012,3,7,July,3,2012-Q3,2012-07
2012-02-22,2012,1,2,February,22,2012-Q1,2012-02
2011-09-12,2011,3,9,September,12,2011-Q3,2011-09
2011-06-21,2011,2,6,June,21,2011-Q2,2011-06
2019-08-07,2019,3,8,August,7,2019-Q3,2019-08
2004-12-20,2004,4,12,December,20,2004-Q4,2004-12
2019-12-14,2019,4,12,December,14,2019-Q4,2019-12
2006-04-26,2006,2,4,April,26,2006-Q2,2006-04
2001-11-12,2001,4,11,November,12,2001-Q4,2001-11
2019-07-13,2019,3,7,July,13,2019-Q3,2019-07
2011-01-09,2011,1,1,January,9,2011-Q1,2011-01
2009-09-10,2009,3,9,September,10,2009-Q3,2009-09
2012-07-28,2012,3,7,July,28,2012-Q3,2012-07
2017-08-08,2017,3,8,August,8,2017-Q3,2017-08
2015-09-25,2015,3,9,September,25,2015-Q3,2015-09
2015-12-22,2015,4,12,December,22,2015-Q4,2015-12
2016-01-09,2016,1,1,January,9,2016-Q1,2016-01
2017-02-28,2017,1,2,February,28,2017-Q1,2017-02
2010-04-30,2010,2,4,April,30,2010-Q2,2010-04
2019-09-29,2019,3,9,September,29,2019-Q3,2019-09
2009-09-07,2009,3,9,September,7,2009-Q3,2009-09
2019-10-29,2019,4,10,October,29,2019-Q4,2019-10
2019-10-18,2019,4,10,October,18,2019-Q4,2019-10
2001-08-16,2001,3,8,August,16,2001-Q3,2001-08
2017-11-30,2017,4,11,November,30,2017-Q4,2017-11
2009-08-21,2009,3,8,August,21,2009-Q3,2009-08
2018-10-04,2018,4,10,October,4,2018-Q4,2018-10
2016-09-13,2016,3,9,September,13,2016-Q3,2016-09
1991-04-17,1991,2,4,April,17,1991-Q2,1991-04
2007-12-06,2007,4,12,December,6,2007-Q4,2007-12
2019-04-12,2019,2,4,April,12,2019-Q2,2019-04
2013-08-27,2013,3,8,August,27,2013-Q3,2013-08
2014-04-30,2014,2,4,April,30,2014-Q2,2014-04
2014-07-22,2014,3,7,July,22,2014-Q3,2014-07
2014-04-15,2014,2,4,April,15,2014-Q2,2014-04
2019-12-20,2019,4,12,December,20,2019-Q4,2019-12
2013-05-30,2013,2,5,May,30,2013-Q2,2013-05
2020-07-01,2020,3,7,July,1,2020-Q3,2020-07
2020-01-30,2020,1,1,January,30,2020-Q1,2020-01
2018-02-28,2018,1,2,February,28,2018-Q1,2018-02
2013-11-06,2013,4,11,November,6,2013-Q4,2013-11
2020-11-02,2020,4,11,November,2,2020-Q4,2020-11
2015-08-27,2015,3,8,August,27,2015-Q3,2015-08
2009-11-30,2009,4,11,November,30,2009-Q4,2009-11
2017-10-22,2017,4,10,October,22,2017-Q4,2017-10
2011-12-17,2011,4,12,December,17,2011-Q4,2011-12
2020-04-15,2020,2,4,April,15,2020-Q2,2020-04
2020-08-09,2020,3,8,August,9,2020-Q3,2020-08
2014-11-18,2014,4,11,November,18,2014-Q4,2014-11
2000-07-09,2000,3,7,July,9,2000-Q3,2000-07
2020-05-14,2020,2,5,May,14,2020-Q2,2020-05
2010-05-17,2010,2,5,May,17,2010-Q2,2010-05
2020-06-22,2020,2,6,June,22,2020-Q2,2020-06
2007-08-30,2007,3,8,August,30,2007-Q3,2007-08
2020-10-07,2020,4,10,October,7,2020-Q4,2020-10
2020-07-13,2020,3,7,July,13,2020-Q3,2020-07
2020-07-20,2020,3,7,July,20,2020-Q3,2020-07
2009-11-27,2009,4,11,November,27,2009-Q4,2009-11
2020-03-09,2020,1,3,March,9,2020-Q1,2020-03
2020-11-24,2020,4,11,November,24,2020-Q4,2020-11
2021-06-06,2021,2,6,June,6,2021-Q2,2021-06
2020-09-25,2020,3,9,September,25,2020-Q3,2020-09
2020-08-10,2020,3,8,August,10,2020-Q3,2020-08
2020-09-10,2020,3,9,September,10,2020-Q3,2020-09
2013-09-09,2013,3,9,September,9,2013-Q3,2013-09
2010-09-21,2010,3,9,September,21,2010-Q3,2010-09
2013-11-01,2013,4,11,November,1,2013-Q4,2013-11
2012-03-24,2012,1,3,March,24,2012-Q1,2012-03
2007-04-12,2007,2,4,April,12,2007-Q2,2007-04
2020-11-14,2020,4,11,November,14,2020-Q4,2020-11
2005-06-13,2005,2,6,June,13,2005-Q2,2005-06
1999-04-29,1999,2,4,April,29,1999-Q2,1999-04
2012-04-20,2012,2,4,April,20,2012-Q2,2012-04
2014-07-30,2014,3,7,July,30,2014-Q3,2014-07
2007-09-26,2007,3,9,September,26,2007-Q3,2007-09
2020-09-12,2020,3,9,September,12,2020-Q3,2020-09
2011-09-27,2011,3,9,September,27,2011-Q3,2011-09
2009-06-26,2009,2,6,June,26,2009-Q2,2009-06
2020-12-14,2020,4,12,December,14,2020-Q4,2020-12
2020-12-16,2020,4,12,December,16,2020-Q4,2020-12
2001-09-19,2001,3,9,September,19,2001-Q3,2001-09
2009-06-08,2009,2,6,June,8,2009-Q2,2009-06
2013-07-02,2013,3,7,July,2,2013-Q3,2013-07
2008-08-09,2008,3,8,August,9,2008-Q3,2008-08
2004-03-26,2004,1,3,March,26,2004-Q1,2004-03
2011-11-17,2011,4,11,November,17,2011-Q4,2011-11
2008-05-05,2008,2,5,May,5,2008-Q2,2008-05
2007-06-26,2007,2,6,June,26,2007-Q2,2007-06
2012-08-08,2012,3,8,August,8,2012-Q3,2012-08
2017-06-28,2017,2,6,June,28,2017-Q2,2017-06
2015-01-09,2015,1,1,January,9,2015-Q1,2015-01
2015-07-29,2015,3,7,July,29,2015-Q3,2015-07
2007-10-19,2007,4,10,October,19,2007-Q4,2007-10
2004-03-05,2004,1,3,March,5,2004-Q1,2004-03
2017-08-03,2017,3,8,August,3,2017-Q3,2017-08
1997-07-02,1997,3,7,July,2,1997-Q3,1997-07
2009-03-27,2009,1,3,March,27,2009-Q1,2009-03
2007-06-29,2007,2,6,June,29,2007-Q2,2007-06
2017-02-15,2017,1,2,February,15,2017-Q1,2017-02
2016-04-26,2016,2,4,April,26,2016-Q2,2016-04
2008-06-27,2008,2,6,June,27,2008-Q2,2008-06
2011-09-16,2011,3,9,September,16,2011-Q3,2011-09
2016-08-06,2016,3,8,August,6,2016-Q3,2016-08
2007-10-18,2007,4,10,October,18,2007-Q4,2007-10
2016-12-14,2016,4,12,December,14,2016-Q4,2016-12
2013-05-29,2013,2,5,May,29,2013-Q2,2013-05
2016-10-13,2016,4,10,October,13,2016-Q4,2016-10
2012-06-22,2012,2,6,June,22,2012-Q2,2012-06
2009-06-15,2009,2,6,June,15,2009-Q2,2009-06
2015-05-26,2015,2,5,May,26,2015-Q2,2015-05
2018-01-25,2018,1,1,January,25,2018-Q1,2018-01
2017-10-11,2017,4,10,October,11,2017-Q4,2017-10
2011-08-23,2011,3,8,August,23,2011-Q3,2011-08
2000-02-02,2000,1,2,February,2,2000-Q1,2000-02
2017-05-05,2017,2,5,May,5,2017-Q2,2017-05
2012-06-26,2012,2,6,June,26,2012-Q2,2012-06
2004-01-27,2004,1,1,January,27,2004-Q1,2004-01
2014-04-28,2014,2,4,April,28,2014-Q2,2014-04
2009-05-07,2009,2,5,May,7,2009-Q2,2009-05
2006-12-12,2006,4,12,December,12,2006-Q4,2006-12
2017-08-25,2017,3,8,August,25,2017-Q3,2017-08
2001-11-22,2001,4,11,November,22,2001-Q4,2001-11
2015-04-08,2015,2,4,April,8,2015-Q2,2015-04
2017-03-05,2017,1,3,March,5,2017-Q1,2017-03
2009-08-31,2009,3,8,August,31,2009-Q3,2009-08
2016-05-10,2016,2,5,May,10,2016-Q2,2016-05
2007-03-05,2007,1,3,March,5,2007-Q1,2007-03
2011-01-06,2011,1,1,January,6,2011-Q1,2011-01
2012-11-07,2012,4,11,November,7,2012-Q4,2012-11
2007-12-18,2007,4,12,December,18,2007-Q4,2007-12
2014-02-21,2014,1,2,February,21,2014-Q1,2014-02
2017-12-14,2017,4,12,December,14,2017-Q4,2017-12
2018-01-07,2018,1,1,January,7,2018-Q1,2018-01
2003-10-30,2003,4,10,October,30,2003-Q4,2003-10
2016-09-06,2016,3,9,September,6,2016-Q3,2016-09
2013-12-16,2013,4,12,December,16,2013-Q4,2013-12
1997-01-15,1997,1,1,January,15,1997-Q1,1997-01
2012-02-29,2012,1,2,February,29,2012-Q1,2012-02
1999-08-09,1999,3,8,August,9,1999-Q3,1999-08
2001-02-02,2001,1,2,February,2,2001-Q1,2001-02
2012-03-15,2012,1,3,March,15,2012-Q1,2012-03
2013-08-02,2013,3,8,August,2,2013-Q3,2013-08
2012-12-15,2012,4,12,December,15,2012-Q4,2012-12
2004-07-01,2004,3,7,July,1,2004-Q3,2004-07
2011-11-08,2011,4,11,November,8,2011-Q4,2011-11
2018-04-26,2018,2,4,April,26,2018-Q2,2018-04
2009-06-07,2009,2,6,June,7,2009-Q2,2009-06
2018-05-17,2018,2,5,May,17,2018-Q2,2018-05
1998-05-11,1998,2,5,May,11,1998-Q2,1998-05
2009-06-25,2009,2,6,June,25,2009-Q2,2009-06
2007-01-06,2007,1,1,January,6,2007-Q1,2007-01
2007-06-28,2007,2,6,June,28,2007-Q2,2007-06
2014-12-16,2014,4,12,December,16,2014-Q4,2014-12
2012-02-20,2012,1,2,February,20,2012-Q1,2012-02
2007-06-14,2007,2,6,June,14,2007-Q2,2007-06
2009-08-14,2009,3,8,August,14,2009-Q3,2009-08
2007-04-27,2007,2,4,April,27,2007-Q2,2007-04
2015-08-19,2015,3,8,August,19,2015-Q3,2015-08
1999-12-20,1999,4,12,December,20,1999-Q4,1999-12
2014-10-02,2014,4,10,October,2,2014-Q4,2014-10
1994-12-01,1994,4,12,December,1,1994-Q4,1994-12
2015-08-06,2015,3,8,August,6,2015-Q3,2015-08
1990-10-15,1990,4,10,October,15,1990-Q4,1990-10
2001-11-28,2001,4,11,November,28,2001-Q4,2001-11
2015-06-24,2015,2,6,June,24,2015-Q2,2015-06
2004-07-06,2004,3,7,July,6,2004-Q3,2004-07
2021-05-18,2021,2,5,May,18,2021-Q2,2021-05
2017-02-09,2017,1,2,February,9,2017-Q1,2017-02
2018-03-13,2018,1,3,March,13,2018-Q1,2018-03
1992-10-08,1992,4,10,October,8,1992-Q4,1992-10
2016-08-18,2016,3,8,August,18,2016-Q3,2016-08
2016-01-19,2016,1,1,January,19,2016-Q1,2016-01
2017-03-07,2017,1,3,March,7,2017-Q1,2017-03
2007-05-22,2007,2,5,May,22,2007-Q2,2007-05
1996-02-26,1996,1,2,February,26,1996-Q1,1996-02
2000-07-01,2000,3,7,July,1,2000-Q3,2000-07
1998-04-15,1998,2,4,April,15,1998-Q2,1998-04
2009-09-09,2009,3,9,September,9,2009-Q3,2009-09
2008-07-04,2008,3,7,July,4,2008-Q3,2008-07
2021-09-02,2021,3,9,September,2,2021-Q3,2021-09
2013-03-29,2013,1,3,March,29,2013-Q1,2013-03
2017-02-23,2017,1,2,February,23,2017-Q1,2017-02
2021-02-15,2021,1,2,February,15,2021-Q1,2021-02
2021-07-29,2021,3,7,July,29,2021-Q3,2021-07
2014-11-03,2014,4,11,November,3,2014-Q4,2014-11
1993-08-07,1993,3,8,August,7,1993-Q3,1993-08
2006-05-25,2006,2,5,May,25,2006-Q2,2006-05
2021-05-31,2021,2,5,May,31,2021-Q2,2021-05
2021-09-05,2021,3,9,September,5,2021-Q3,2021-09
2021-04-28,2021,2,4,April,28,2021-Q2,2021-04
2021-05-14,2021,2,5,May,14,2021-Q2,2021-05
2021-09-06,2021,3,9,September,6,2021-Q3,2021-09
2009-04-22,2009,2,4,April,22,2009-Q2,2009-04
2021-07-28,2021,3,7,July,28,2021-Q3,2021-07
2021-11-30,2021,4,11,November,30,2021-Q4,2021-11
2021-07-31,2021,3,7,July,31,2021-Q3,2021-07
2021-01-09,2021,1,1,January,9,2021-Q1,2021-01
2021-09-17,2021,3,9,September,17,2021-Q3,2021-09
2021-09-13,2021,3,9,September,13,2021-Q3,2021-09
2021-09-24,2021,3,9,September,24,2021-Q3,2021-09
2021-08-27,2021,3,8,August,27,2021-Q3,2021-08
2021-09-27,2021,3,9,September,27,2021-Q3,2021-09
2021-10-14,2021,4,10,October,14,2021-Q4,2021-10
2021-10-28,2021,4,10,October,28,2021-Q4,2021-10
2021-07-11,2021,3,7,July,11,2021-Q3,2021-07
2021-06-12,2021,2,6,June,12,2021-Q2,2021-06
2021-10-12,2021,4,10,October,12,2021-Q4,2021-10
2006-08-22,2006,3,8,August,22,2006-Q3,2006-08
2015-12-08,2015,4,12,December,8,2015-Q4,2015-12
2012-02-12,2012,1,2,February,12,2012-Q1,2012-02
2004-01-21,2004,1,1,January,21,2004-Q1,2004-01
1990-10-16,1990,4,10,October,16,1990-Q4,1990-10
2020-12-19,2020,4,12,December,19,2020-Q4,2020-12
1999-09-02,1999,3,9,September,2,1999-Q3,1999-09
2014-08-08,2014,3,8,August,8,2014-Q3,2014-08
2022-01-16,2022,1,1,January,16,2022-Q1,2022-01
1998-04-03,1998,2,4,April,3,1998-Q2,1998-04
2022-07-21,2022,3,7,July,21,2022-Q3,2022-07
2022-01-30,2022,1,1,January,30,2022-Q1,2022-01
2022-05-19,2022,2,5,May,19,2022-Q2,2022-05
2022-06-30,2022,2,6,June,30,2022-Q2,2022-06
2023-03-07,2023,1,3,March,7,2023-Q1,2023-03
2022-04-27,2022,2,4,April,27,2022-Q2,2022-04
2020-10-10,2020,4,10,October,10,2020-Q4,2020-10
2012-06-06,2012,2,6,June,6,2012-Q2,2012-06
2022-06-17,2022,2,6,June,17,2022-Q2,2022-06
2022-11-18,2022,4,11,November,18,2022-Q4,2022-11
2022-06-21,2022,2,6,June,21,2022-Q2,2022-06
1995-10-27,1995,4,10,October,27,1995-Q4,1995-10
2022-07-09,2022,3,7,July,9,2022-Q3,2022-07
2021-02-10,2021,1,2,February,10,2021-Q1,2021-02
2023-02-21,2023,1,2,February,21,2023-Q1,2023-02
2023-04-24,2023,2,4,April,24,2023-Q2,2023-04
2022-11-26,2022,4,11,November,26,2022-Q4,2022-11
2023-06-14,2023,2,6,June,14,2023-Q2,2023-06
2005-01-08,2005,1,1,January,8,2005-Q1,2005-01
2023-01-24,2023,1,1,January,24,2023-Q1,2023-01
2023-02-15,2023,1,2,February,15,2023-Q1,2023-02
2024-10-07,2024,4,10,October,7,2024-Q4,2024-10
2022-12-17,2022,4,12,December,17,2022-Q4,2022-12
2022-11-25,2022,4,11,November,25,2022-Q4,2022-11
2022-05-12,2022,2,5,May,12,2022-Q2,2022-05
2023-05-01,2023,2,5,May,1,2023-Q2,2023-05
2023-09-02,2023,3,9,September,2,2023-Q3,2023-09
2023-12-03,2023,4,12,December,3,2023-Q4,2023-12
2023-03-22,2023,1,3,March,22,2023-Q1,2023-03
2023-04-23,2023,2,4,April,23,2023-Q2,2023-04
2023-05-19,2023,2,5,May,19,2023-Q2,2023-05
2023-04-04,2023,2,4,April,4,2023-Q2,2023-04
2024-05-24,2024,2,5,May,24,2024-Q2,2024-05
2023-04-15,2023,2,4,April,15,2023-Q2,2023-04
2023-03-04,2023,1,3,March,4,2023-Q1,2023-03
2024-03-25,2024,1,3,March,25,2024-Q1,2024-03
2023-10-07,2023,4,10,October,7,2023-Q4,2023-10
2025-01-24,2025,1,1,January,24,2025-Q1,2025-01
2023-10-21,2023,4,10,October,21,2023-Q4,2023-10
2023-03-10,2023,1,3,March,10,2023-Q1,2023-03
2023-09-13,2023,3,9,September,13,2023-Q3,2023-09
2023-12-09,2023,4,12,December,9,2023-Q4,2023-12
2025-05-09,2025,2,5,May,9,2025-Q2,2025-05
2025-03-27,2025,1,3,March,27,2025-Q1,2025-03
2023-04-08,2023,2,4,April,8,2023-Q2,2023-04
2023-09-23,2023,3,9,September,23,2023-Q3,2023-09
2024-01-20,2024,1,1,January,20,2024-Q1,2024-01
2025-08-23,2025,3,8,August,23,2025-Q3,2025-08
2024-01-04,2024,1,1,January,4,2024-Q1,2024-01
2024-06-19,2024,2,6,June,19,2024-Q2,2024-06
2023-08-26,2023,3,8,August,26,2023-Q3,2023-08
2023-11-15,2023,4,11,November,15,2023-Q4,2023-11
2024-08-27,2024,3,8,August,27,2024-Q3,2024-08
2024-02-13,2024,1,2,February,13,2024-Q1,2024-02
2025-10-02,2025,4,10,October,2,2025-Q4,2025-10
2013-10-09,2013,4,10,October,9,2013-Q4,2013-10
2024-03-14,2024,1,3,March,14,2024-Q1,2024-03
2024-03-03,2024,1,3,March,3,2024-Q1,2024-03
2024-04-05,2024,2,4,April,5,2024-Q2,2024-04
2023-11-12,2023,4,11,November,12,2023-Q4,2023-11
2023-12-17,2023,4,12,December,17,2023-Q4,2023-12
2024-08-03,2024,3,8,August,3,2024-Q3,2024-08
2024-09-22,2024,3,9,September,22,2024-Q3,2024-09
2024-04-21,2024,2,4,April,21,2024-Q2,2024-04
2012-10-12,2012,4,10,October,12,2012-Q4,2012-10
2018-01-17,2018,1,1,January,17,2018-Q1,2018-01
2010-12-31,2010,4,12,December,31,2010-Q4,2010-12
2011-10-11,2011,4,10,October,11,2011-Q4,2011-10
2008-02-18,2008,1,2,February,18,2008-Q1,2008-02
2017-11-27,2017,4,11,November,27,2017-Q4,2017-11
2009-12-22,2009,4,12,December,22,2009-Q4,2009-12
2006-12-21,2006,4,12,December,21,2006-Q4,2006-12
2017-06-12,2017,2,6,June,12,2017-Q2,2017-06
2017-02-16,2017,1,2,February,16,2017-Q1,2017-02
2008-10-14,2008,4,10,October,14,2008-Q4,2008-10
2013-01-18,2013,1,1,January,18,2013-Q1,2013-01
1995-05-01,1995,2,5,May,1,1995-Q2,1995-05
2019-02-22,2019,1,2,February,22,2019-Q1,2019-02
2019-02-18,2019,1,2,February,18,2019-Q1,2019-02
2016-01-22,2016,1,1,January,22,2016-Q1,2016-01
2012-05-31,2012,2,5,May,31,2012-Q2,2012-05
1999-02-06,1999,1,2,February,6,1999-Q1,1999-02
2018-02-23,2018,1,2,February,23,2018-Q1,2018-02
2018-07-16,2018,3,7,July,16,2018-Q3,2018-07
2011-11-18,2011,4,11,November,18,2011-Q4,2011-11
2010-12-07,2010,4,12,December,7,2010-Q4,2010-12
2018-04-10,2018,2,4,April,10,2018-Q2,2018-04
2019-03-19,2019,1,3,March,19,2019-Q1,2019-03
2018-06-18,2018,2,6,June,18,2018-Q2,2018-06
2004-11-25,2004,4,11,November,25,2004-Q4,2004-11
2004-11-22,2004,4,11,November,22,2004-Q4,2004-11
2008-11-24,2008,4,11,November,24,2008-Q4,2008-11
2009-06-10,2009,2,6,June,10,2009-Q2,2009-06
2016-01-30,2016,1,1,January,30,2016-Q1,2016-01
2019-04-16,2019,2,4,April,16,2019-Q2,2019-04
2019-04-23,2019,2,4,April,23,2019-Q2,2019-04
2014-07-24,2014,3,7,July,24,2014-Q3,2014-07
2018-01-09,2018,1,1,January,9,2018-Q1,2018-01
2007-12-20,2007,4,12,December,20,2007-Q4,2007-12
2019-09-04,2019,3,9,September,4,2019-Q3,2019-09
2016-09-29,2016,3,9,September,29,2016-Q3,2016-09
2006-01-12,2006,1,1,January,12,2006-Q1,2006-01
2019-02-04,2019,1,2,February,4,2019-Q1,2019-02
2006-08-16,2006,3,8,August,16,2006-Q3,2006-08
2014-04-09,2014,2,4,April,9,2014-Q2,2014-04
2017-05-19,2017,2,5,May,19,2017-Q2,2017-05
2013-10-18,2013,4,10,October,18,2013-Q4,2013-10
2011-12-29,2011,4,12,December,29,2011-Q4,2011-12
2019-05-31,2019,2,5,May,31,2019-Q2,2019-05
2019-11-09,2019,4,11,November,9,2019-Q4,2019-11
2019-06-19,2019,2,6,June,19,2019-Q2,2019-06
2012-12-28,2012,4,12,December,28,2012-Q4,2012-12
2019-09-23,2019,3,9,September,23,2019-Q3,2019-09
2019-10-01,2019,4,10,October,1,2019-Q4,2019-10
2019-05-06,2019,2,5,May,6,2019-Q2,2019-05
2017-12-05,2017,4,12,December,5,2017-Q4,2017-12
2019-05-09,2019,2,5,May,9,2019-Q2,2019-05
2015-10-30,2015,4,10,October,30,2015-Q4,2015-10
2018-10-26,2018,4,10,October,26,2018-Q4,2018-10
2019-05-08,2019,2,5,May,8,2019-Q2,2019-05
1999-05-21,1999,2,5,May,21,1999-Q2,1999-05
2019-09-08,2019,3,9,September,8,2019-Q3,2019-09
2017-06-14,2017,2,6,June,14,2017-Q2,2017-06
2017-07-04,2017,3,7,July,4,2017-Q3,2017-07
2017-10-03,2017,4,10,October,3,2017-Q4,2017-10
2017-09-03,2017,3,9,September,3,2017-Q3,2017-09
2010-03-19,2010,1,3,March,19,2010-Q1,2010-03
2010-11-14,2010,4,11,November,14,2010-Q4,2010-11
2015-11-30,2015,4,11,November,30,2015-Q4,2015-11
2018-11-29,2018,4,11,November,29,2018-Q4,2018-11
2017-11-24,2017,4,11,November,24,2017-Q4,2017-11
2019-02-10,2019,1,2,February,10,2019-Q1,2019-02
2019-09-20,2019,3,9,September,20,2019-Q3,2019-09
2016-03-22,2016,1,3,March,22,2016-Q1,2016-03
2007-09-25,2007,3,9,September,25,2007-Q3,2007-09
2019-10-17,2019,4,10,October,17,2019-Q4,2019-10
2019-03-10,2019,1,3,March,10,2019-Q1,2019-03
2019-09-11,2019,3,9,September,11,2019-Q3,2019-09
2015-02-12,2015,1,2,February,12,2015-Q1,2015-02
2017-07-08,2017,3,7,July,8,2017-Q3,2017-07
2019-11-25,2019,4,11,November,25,2019-Q4,2019-11
2017-10-20,2017,4,10,October,20,2017-Q4,2017-10
2019-07-12,2019,3,7,July,12,2019-Q3,2019-07
2016-12-04,2016,4,12,December,4,2016-Q4,2016-12
2014-03-28,2014,1,3,March,28,2014-Q1,2014-03
2017-02-20,2017,1,2,February,20,2017-Q1,2017-02
2016-03-21,2016,1,3,March,21,2016-Q1,2016-03
2010-02-09,2010,1,2,February,9,2010-Q1,2010-02
2012-08-15,2012,3,8,August,15,2012-Q3,2012-08
2008-07-08,2008,3,7,July,8,2008-Q3,2008-07
2018-03-16,2018,1,3,March,16,2018-Q1,2018-03
2020-02-24,2020,1,2,February,24,2020-Q1,2020-02
2020-02-03,2020,1,2,February,3,2020-Q1,2020-02
2017-05-23,2017,2,5,May,23,2017-Q2,2017-05
2021-03-31,2021,1,3,March,31,2021-Q1,2021-03
2020-01-07,2020,1,1,January,7,2020-Q1,2020-01
2020-07-22,2020,3,7,July,22,2020-Q3,2020-07
2020-04-14,2020,2,4,April,14,2020-Q2,2020-04
2017-01-24,2017,1,1,January,24,2017-Q1,2017-01
2020-06-30,2020,2,6,June,30,2020-Q2,2020-06
2021-01-19,2021,1,1,January,19,2021-Q1,2021-01
2013-01-29,2013,1,1,January,29,2013-Q1,2013-01
2020-12-05,2020,4,12,December,5,2020-Q4,2020-12
2020-10-08,2020,4,10,October,8,2020-Q4,2020-10
2020-10-06,2020,4,10,October,6,2020-Q4,2020-10
2015-07-27,2015,3,7,July,27,2015-Q3,2015-07
2021-10-02,2021,4,10,October,2,2021-Q4,2021-10
2020-08-14,2020,3,8,August,14,2020-Q3,2020-08
2020-09-17,2020,3,9,September,17,2020-Q3,2020-09
2020-09-20,2020,3,9,September,20,2020-Q3,2020-09
2014-07-03,2014,3,7,July,3,2014-Q3,2014-07
2019-01-11,2019,1,1,January,11,2019-Q1,2019-01
2007-12-28,2007,4,12,December,28,2007-Q4,2007-12
2012-05-30,2012,2,5,May,30,2012-Q2,2012-05
2009-09-16,2009,3,9,September,16,2009-Q3,2009-09
2006-11-27,2006,4,11,November,27,2006-Q4,2006-11
2021-02-25,2021,1,2,February,25,2021-Q1,2021-02
2011-07-21,2011,3,7,July,21,2011-Q3,2011-07
2018-10-15,2018,4,10,October,15,2018-Q4,2018-10
2012-03-22,2012,1,3,March,22,2012-Q1,2012-03
2007-12-19,2007,4,12,December,19,2007-Q4,2007-12
2010-11-05,2010,4,11,November,5,2010-Q4,2010-11
2014-10-11,2014,4,10,October,11,2014-Q4,2014-10
2000-01-03,2000,1,1,January,3,2000-Q1,2000-01
2010-11-18,2010,4,11,November,18,2010-Q4,2010-11
2017-01-08,2017,1,1,January,8,2017-Q1,2017-01
2018-04-19,2018,2,4,April,19,2018-Q2,2018-04
2009-10-06,2009,4,10,October,6,2009-Q4,2009-10
2011-01-18,2011,1,1,January,18,2011-Q1,2011-01
2013-05-27,2013,2,5,May,27,2013-Q2,2013-05
2016-08-17,2016,3,8,August,17,2016-Q3,2016-08
2014-01-24,2014,1,1,January,24,2014-Q1,2014-01
2010-10-23,2010,4,10,October,23,2010-Q4,2010-10
2010-11-03,2010,4,11,November,3,2010-Q4,2010-11
2011-09-15,2011,3,9,September,15,2011-Q3,2011-09
2020-12-28,2020,4,12,December,28,2020-Q4,2020-12
2011-05-07,2011,2,5,May,7,2011-Q2,2011-05
2007-11-29,2007,4,11,November,29,2007-Q4,2007-11
2007-08-14,2007,3,8,August,14,2007-Q3,2007-08
2012-10-24,2012,4,10,October,24,2012-Q4,2012-10
2010-08-09,2010,3,8,August,9,2010-Q3,2010-08
2004-01-14,2004,1,1,January,14,2004-Q1,2004-01
2012-06-12,2012,2,6,June,12,2012-Q2,2012-06
2010-12-15,2010,4,12,December,15,2010-Q4,2010-12
2015-09-14,2015,3,9,September,14,2015-Q3,2015-09
2016-05-18,2016,2,5,May,18,2016-Q2,2016-05
2008-10-28,2008,4,10,October,28,2008-Q4,2008-10
2008-11-25,2008,4,11,November,25,2008-Q4,2008-11
2006-06-13,2006,2,6,June,13,2006-Q2,2006-06
2012-11-05,2012,4,11,November,5,2012-Q4,2012-11
2015-01-29,2015,1,1,January,29,2015-Q1,2015-01
2018-06-02,2018,2,6,June,2,2018-Q2,2018-06
2000-10-11,2000,4,10,October,11,2000-Q4,2000-10
2011-07-27,2011,3,7,July,27,2011-Q3,2011-07
2012-09-11,2012,3,9,September,11,2012-Q3,2012-09
2016-04-22,2016,2,4,April,22,2016-Q2,2016-04
2006-05-31,2006,2,5,May,31,2006-Q2,2006-05
2016-11-05,2016,4,11,November,5,2016-Q4,2016-11
2011-01-10,2011,1,1,January,10,2011-Q1,2011-01
2009-03-09,2009,1,3,March,9,2009-Q1,2009-03
2009-12-28,2009,4,12,December,28,2009-Q4,2009-12
2021-01-01,2021,1,1,January,1,2021-Q1,2021-01
2017-08-24,2017,3,8,August,24,2017-Q3,2017-08
2012-04-10,2012,2,4,April,10,2012-Q2,2012-04
2016-08-30,2016,3,8,August,30,2016-Q3,2016-08
2015-03-17,2015,1,3,March,17,2015-Q1,2015-03
2014-04-14,2014,2,4,April,14,2014-Q2,2014-04
2000-02-29,2000,1,2,February,29,2000-Q1,2000-02
2014-04-23,2014,2,4,April,23,2014-Q2,2014-04
2006-07-08,2006,3,7,July,8,2006-Q3,2006-07
2015-02-11,2015,1,2,February,11,2015-Q1,2015-02
2006-03-03,2006,1,3,March,3,2006-Q1,2006-03
2012-11-09,2012,4,11,November,9,2012-Q4,2012-11
2008-04-28,2008,2,4,April,28,2008-Q2,2008-04
2009-07-28,2009,3,7,July,28,2009-Q3,2009-07
2013-07-19,2013,3,7,July,19,2013-Q3,2013-07
2006-03-20,2006,1,3,March,20,2006-Q1,2006-03
2014-08-25,2014,3,8,August,25,2014-Q3,2014-08
1998-06-22,1998,2,6,June,22,1998-Q2,1998-06
2017-05-29,2017,2,5,May,29,2017-Q2,2017-05
2010-03-22,2010,1,3,March,22,2010-Q1,2010-03
2014-09-16,2014,3,9,September,16,2014-Q3,2014-09
1998-06-05,1998,2,6,June,5,1998-Q2,1998-06
1997-01-31,1997,1,1,January,31,1997-Q1,1997-01
2016-02-15,2016,1,2,February,15,2016-Q1,2016-02
2008-01-01,2008,1,1,January,1,2008-Q1,2008-01
2001-03-05,2001,1,3,March,5,2001-Q1,2001-03
2017-09-19,2017,3,9,September,19,2017-Q3,2017-09
2017-11-02,2017,4,11,November,2,2017-Q4,2017-11
1995-06-10,1995,2,6,June,10,1995-Q2,1995-06
2007-10-15,2007,4,10,October,15,2007-Q4,2007-10
2016-07-22,2016,3,7,July,22,2016-Q3,2016-07
2017-09-23,2017,3,9,September,23,2017-Q3,2017-09
2001-10-18,2001,4,10,October,18,2001-Q4,2001-10
2008-05-14,2008,2,5,May,14,2008-Q2,2008-05
2014-09-10,2014,3,9,September,10,2014-Q3,2014-09
2017-09-21,2017,3,9,September,21,2017-Q3,2017-09
2018-12-06,2018,4,12,December,6,2018-Q4,2018-12
2008-03-04,2008,1,3,March,4,2008-Q1,2008-03
2017-12-10,2017,4,12,December,10,2017-Q4,2017-12
2018-02-20,2018,1,2,February,20,2018-Q1,2018-02
2006-02-23,2006,1,2,February,23,2006-Q1,2006-02
2013-02-07,2013,1,2,February,7,2013-Q1,2013-02
2008-09-23,2008,3,9,September,23,2008-Q3,2008-09
2014-10-14,2014,4,10,October,14,2014-Q4,2014-10
2004-01-13,2004,1,1,January,13,2004-Q1,2004-01
2016-04-03,2016,2,4,April,3,2016-Q2,2016-04
2001-06-18,2001,2,6,June,18,2001-Q2,2001-06
2009-10-14,2009,4,10,October,14,2009-Q4,2009-10
2010-09-26,2010,3,9,September,26,2010-Q3,2010-09
2007-10-25,2007,4,10,October,25,2007-Q4,2007-10
2006-08-30,2006,3,8,August,30,2006-Q3,2006-08
2007-08-06,2007,3,8,August,6,2007-Q3,2007-08
1995-06-16,1995,2,6,June,16,1995-Q2,1995-06
2004-05-27,2004,2,5,May,27,2004-Q2,2004-05
2017-11-11,2017,4,11,November,11,2017-Q4,2017-11
2010-11-23,2010,4,11,November,23,2010-Q4,2010-11
2001-02-14,2001,1,2,February,14,2001-Q1,2001-02
2018-02-17,2018,1,2,February,17,2018-Q1,2018-02
2017-01-12,2017,1,1,January,12,2017-Q1,2017-01
2004-07-19,2004,3,7,July,19,2004-Q3,2004-07
1998-06-24,1998,2,6,June,24,1998-Q2,1998-06
1993-03-17,1993,1,3,March,17,1993-Q1,1993-03
1996-10-16,1996,4,10,October,16,1996-Q4,1996-10
1999-07-14,1999,3,7,July,14,1999-Q3,1999-07
2006-08-05,2006,3,8,August,5,2006-Q3,2006-08
2010-11-22,2010,4,11,November,22,2010-Q4,2010-11
2016-10-25,2016,4,10,October,25,2016-Q4,2016-10
2000-10-08,2000,4,10,October,8,2000-Q4,2000-10
2011-04-10,2011,2,4,April,10,2011-Q2,2011-04
2014-10-07,2014,4,10,October,7,2014-Q4,2014-10
2004-06-30,2004,2,6,June,30,2004-Q2,2004-06
1996-09-12,1996,3,9,September,12,1996-Q3,1996-09
2021-02-23,2021,1,2,February,23,2021-Q1,2021-02
2023-06-05,2023,2,6,June,5,2023-Q2,2023-06
2011-06-25,2011,2,6,June,25,2011-Q2,2011-06
2021-12-05,2021,4,12,December,5,2021-Q4,2021-12
2021-05-21,2021,2,5,May,21,2021-Q2,2021-05
2023-03-28,2023,1,3,March,28,2023-Q1,2023-03
2021-06-30,2021,2,6,June,30,2021-Q2,2021-06
2021-04-25,2021,2,4,April,25,2021-Q2,2021-04
2024-01-21,2024,1,1,January,21,2024-Q1,2024-01
2021-05-05,2021,2,5,May,5,2021-Q2,2021-05
2021-01-06,2021,1,1,January,6,2021-Q1,2021-01
2021-06-17,2021,2,6,June,17,2021-Q2,2021-06
2021-06-18,2021,2,6,June,18,2021-Q2,2021-06
2024-01-08,2024,1,1,January,8,2024-Q1,2024-01
2021-04-08,2021,2,4,April,8,2021-Q2,2021-04
2021-09-08,2021,3,9,September,8,2021-Q3,2021-09
2021-08-19,2021,3,8,August,19,2021-Q3,2021-08
2022-06-24,2022,2,6,June,24,2022-Q2,2022-06
2021-02-11,2021,1,2,February,11,2021-Q1,2021-02
2021-11-10,2021,4,11,November,10,2021-Q4,2021-11
2021-10-18,2021,4,10,October,18,2021-Q4,2021-10
2021-06-11,2021,2,6,June,11,2021-Q2,2021-06
2021-11-26,2021,4,11,November,26,2021-Q4,2021-11
2021-04-12,2021,2,4,April,12,2021-Q2,2021-04
2014-08-14,2014,3,8,August,14,2014-Q3,2014-08
2006-01-25,2006,1,1,January,25,2006-Q1,2006-01
2022-02-23,2022,1,2,February,23,2022-Q1,2022-02
2022-10-01,2022,4,10,October,1,2022-Q4,2022-10
2012-02-02,2012,1,2,February,2,2012-Q1,2012-02
2013-04-03,2013,2,4,April,3,2013-Q2,2013-04
2022-12-02,2022,4,12,December,2,2022-Q4,2022-12
2022-03-30,2022,1,3,March,30,2022-Q1,2022-03
2022-01-03,2022,1,1,January,3,2022-Q1,2022-01
2022-03-26,2022,1,3,March,26,2022-Q1,2022-03
2022-03-27,2022,1,3,March,27,2022-Q1,2022-03
2005-09-15,2005,3,9,September,15,2005-Q3,2005-09
2022-07-18,2022,3,7,July,18,2022-Q3,2022-07
2022-06-14,2022,2,6,June,14,2022-Q2,2022-06
2022-07-30,2022,3,7,July,30,2022-Q3,2022-07
2024-03-15,2024,1,3,March,15,2024-Q1,2024-03
2022-05-28,2022,2,5,May,28,2022-Q2,2022-05
2013-07-27,2013,3,7,July,27,2013-Q3,2013-07
2022-04-06,2022,2,4,April,6,2022-Q2,2022-04
2023-12-06,2023,4,12,December,6,2023-Q4,2023-12
2025-06-07,2025,2,6,June,7,2025-Q2,2025-06
2023-01-19,2023,1,1,January,19,2023-Q1,2023-01
2023-06-06,2023,2,6,June,6,2023-Q2,2023-06
2023-06-04,2023,2,6,June,4,2023-Q2,2023-06
2022-10-17,2022,4,10,October,17,2022-Q4,2022-10
2022-09-15,2022,3,9,September,15,2022-Q3,2022-09
2022-09-27,2022,3,9,September,27,2022-Q3,2022-09
2022-08-11,2022,3,8,August,11,2022-Q3,2022-08
2025-01-01,2025,1,1,January,1,2025-Q1,2025-01
2023-12-30,2023,4,12,December,30,2023-Q4,2023-12
2023-07-03,2023,3,7,July,3,2023-Q3,2023-07
2012-12-05,2012,4,12,December,5,2012-Q4,2012-12
2022-10-20,2022,4,10,October,20,2022-Q4,2022-10
2023-12-29,2023,4,12,December,29,2023-Q4,2023-12
2023-01-15,2023,1,1,January,15,2023-Q1,2023-01
2022-10-19,2022,4,10,October,19,2022-Q4,2022-10
2023-09-22,2023,3,9,September,22,2023-Q3,2023-09
2023-09-15,2023,3,9,September,15,2023-Q3,2023-09
2022-12-23,2022,4,12,December,23,2022-Q4,2022-12
2022-06-12,2022,2,6,June,12,2022-Q2,2022-06
2022-10-12,2022,4,10,October,12,2022-Q4,2022-10
2024-05-06,2024,2,5,May,6,2024-Q2,2024-05
2024-06-14,2024,2,6,June,14,2024-Q2,2024-06
2006-12-31,2006,4,12,December,31,2006-Q4,2006-12
2023-11-10,2023,4,11,November,10,2023-Q4,2023-11
2023-11-05,2023,4,11,November,5,2023-Q4,2023-11
2023-03-11,2023,1,3,March,11,2023-Q1,2023-03
2024-09-16,2024,3,9,September,16,2024-Q3,2024-09
2023-04-07,2023,2,4,April,7,2023-Q2,2023-04
2023-07-05,2023,3,7,July,5,2023-Q3,2023-07
2023-06-13,2023,2,6,June,13,2023-Q2,2023-06
2023-10-18,2023,4,10,October,18,2023-Q4,2023-10
2023-01-11,2023,1,1,January,11,2023-Q1,2023-01
2023-01-29,2023,1,1,January,29,2023-Q1,2023-01
2023-08-09,2023,3,8,August,9,2023-Q3,2023-08
2024-06-26,2024,2,6,June,26,2024-Q2,2024-06
2024-04-12,2024,2,4,April,12,2024-Q2,2024-04
2023-06-08,2023,2,6,June,8,2023-Q2,2023-06
2024-03-28,2024,1,3,March,28,2024-Q1,2024-03
2023-06-11,2023,2,6,June,11,2023-Q2,2023-06
2023-09-30,2023,3,9,September,30,2023-Q3,2023-09
2023-10-15,2023,4,10,October,15,2023-Q4,2023-10
2026-05-15,2026,2,5,May,15,2026-Q2,2026-05
2024-08-07,2024,3,8,August,7,2024-Q3,2024-08
2024-09-02,2024,3,9,September,2,2024-Q3,2024-09
2024-04-25,2024,2,4,April,25,2024-Q2,2024-04
2024-05-01,2024,2,5,May,1,2024-Q2,2024-05
2014-07-29,2014,3,7,July,29,2014-Q3,2014-07
2018-08-27,2018,3,8,August,27,2018-Q3,2018-08
2011-07-13,2011,3,7,July,13,2011-Q3,2011-07
2015-07-16,2015,3,7,July,16,2015-Q3,2015-07
2013-11-29,2013,4,11,November,29,2013-Q4,2013-11
2014-09-19,2014,3,9,September,19,2014-Q3,2014-09
2011-07-20,2011,3,7,July,20,2011-Q3,2011-07
2014-01-31,2014,1,1,January,31,2014-Q1,2014-01
2018-04-05,2018,2,4,April,5,2018-Q2,2018-04
2016-09-30,2016,3,9,September,30,2016-Q3,2016-09
2011-11-30,2011,4,11,November,30,2011-Q4,2011-11
2016-12-21,2016,4,12,December,21,2016-Q4,2016-12
2019-02-15,2019,1,2,February,15,2019-Q1,2019-02
2012-06-11,2012,2,6,June,11,2012-Q2,2012-06
2010-07-29,2010,3,7,July,29,2010-Q3,2010-07
2012-07-31,2012,3,7,July,31,2012-Q3,2012-07
2018-03-20,2018,1,3,March,20,2018-Q1,2018-03
2017-10-04,2017,4,10,October,4,2017-Q4,2017-10
2019-01-30,2019,1,1,January,30,2019-Q1,2019-01
2010-04-02,2010,2,4,April,2,2010-Q2,2010-04
2017-12-29,2017,4,12,December,29,2017-Q4,2017-12
2019-03-04,2019,1,3,March,4,2019-Q1,2019-03
2019-03-14,2019,1,3,March,14,2019-Q1,2019-03
2009-08-13,2009,3,8,August,13,2009-Q3,2009-08
2017-06-30,2017,2,6,June,30,2017-Q2,2017-06
2010-11-15,2010,4,11,November,15,2010-Q4,2010-11
2013-10-31,2013,4,10,October,31,2013-Q4,2013-10
2019-11-04,2019,4,11,November,4,2019-Q4,2019-11
2018-09-10,2018,3,9,September,10,2018-Q3,2018-09
2011-02-11,2011,1,2,February,11,2011-Q1,2011-02
2008-03-30,2008,1,3,March,30,2008-Q1,2008-03
2005-01-11,2005,1,1,January,11,2005-Q1,2005-01
2011-04-21,2011,2,4,April,21,2011-Q2,2011-04
2019-05-07,2019,2,5,May,7,2019-Q2,2019-05
1995-03-15,1995,1,3,March,15,1995-Q1,1995-03
2019-06-24,2019,2,6,June,24,2019-Q2,2019-06
2010-08-11,2010,3,8,August,11,2010-Q3,2010-08
2010-03-18,2010,1,3,March,18,2010-Q1,2010-03
2019-06-07,2019,2,6,June,7,2019-Q2,2019-06
2019-10-07,2019,4,10,October,7,2019-Q4,2019-10
2019-07-24,2019,3,7,July,24,2019-Q3,2019-07
2019-08-14,2019,3,8,August,14,2019-Q3,2019-08
2006-12-22,2006,4,12,December,22,2006-Q4,2006-12
2019-08-21,2019,3,8,August,21,2019-Q3,2019-08
1999-01-28,1999,1,1,January,28,1999-Q1,1999-01
2013-10-30,2013,4,10,October,30,2013-Q4,2013-10
2017-11-28,2017,4,11,November,28,2017-Q4,2017-11
1993-01-21,1993,1,1,January,21,1993-Q1,1993-01
1992-10-15,1992,4,10,October,15,1992-Q4,1992-10
2015-07-31,2015,3,7,July,31,2015-Q3,2015-07
2019-10-22,2019,4,10,October,22,2019-Q4,2019-10
2013-11-30,2013,4,11,November,30,2013-Q4,2013-11
2019-11-18,2019,4,11,November,18,2019-Q4,2019-11
2019-11-19,2019,4,11,November,19,2019-Q4,2019-11
2000-11-13,2000,4,11,November,13,2000-Q4,2000-11
2020-11-03,2020,4,11,November,3,2020-Q4,2020-11
2012-06-28,2012,2,6,June,28,2012-Q2,2012-06
2017-04-21,2017,2,4,April,21,2017-Q2,2017-04
2018-07-09,2018,3,7,July,9,2018-Q3,2018-07
2015-08-28,2015,3,8,August,28,2015-Q3,2015-08
2004-09-24,2004,3,9,September,24,2004-Q3,2004-09
2020-01-13,2020,1,1,January,13,2020-Q1,2020-01
2012-12-10,2012,4,12,December,10,2012-Q4,2012-12
2013-06-17,2013,2,6,June,17,2013-Q2,2013-06
2020-03-30,2020,1,3,March,30,2020-Q1,2020-03
2020-04-03,2020,2,4,April,3,2020-Q2,2020-04
2010-03-30,2010,1,3,March,30,2010-Q1,2010-03
2020-11-18,2020,4,11,November,18,2020-Q4,2020-11
2020-04-22,2020,2,4,April,22,2020-Q2,2020-04
2020-05-05,2020,2,5,May,5,2020-Q2,2020-05
2019-11-23,2019,4,11,November,23,2019-Q4,2019-11
2020-08-27,2020,3,8,August,27,2020-Q3,2020-08
2020-09-05,2020,3,9,September,5,2020-Q3,2020-09
2011-10-25,2011,4,10,October,25,2011-Q4,2011-10
2020-05-24,2020,2,5,May,24,2020-Q2,2020-05
2020-05-25,2020,2,5,May,25,2020-Q2,2020-05
2020-05-27,2020,2,5,May,27,2020-Q2,2020-05
2020-06-17,2020,2,6,June,17,2020-Q2,2020-06
2020-02-07,2020,1,2,February,7,2020-Q1,2020-02
2011-12-28,2011,4,12,December,28,2011-Q4,2011-12
2020-12-21,2020,4,12,December,21,2020-Q4,2020-12
2009-01-12,2009,1,1,January,12,2009-Q1,2009-01
2020-02-09,2020,1,2,February,9,2020-Q1,2020-02
2020-06-10,2020,2,6,June,10,2020-Q2,2020-06
2014-11-26,2014,4,11,November,26,2014-Q4,2014-11
2020-10-16,2020,4,10,October,16,2020-Q4,2020-10
2012-11-27,2012,4,11,November,27,2012-Q4,2012-11
2002-05-28,2002,2,5,May,28,2002-Q2,2002-05
2020-10-24,2020,4,10,October,24,2020-Q4,2020-10
2021-06-01,2021,2,6,June,1,2021-Q2,2021-06
2020-10-27,2020,4,10,October,27,2020-Q4,2020-10
2002-03-27,2002,1,3,March,27,2002-Q1,2002-03
2008-11-20,2008,4,11,November,20,2008-Q4,2008-11
2020-11-17,2020,4,11,November,17,2020-Q4,2020-11
2008-08-26,2008,3,8,August,26,2008-Q3,2008-08
2004-06-25,2004,2,6,June,25,2004-Q2,2004-06
2013-02-16,2013,1,2,February,16,2013-Q1,2013-02
2020-08-12,2020,3,8,August,12,2020-Q3,2020-08
2017-03-11,2017,1,3,March,11,2017-Q1,2017-03
2009-03-19,2009,1,3,March,19,2009-Q1,2009-03
2014-09-23,2014,3,9,September,23,2014-Q3,2014-09
2012-03-26,2012,1,3,March,26,2012-Q1,2012-03
2018-02-14,2018,1,2,February,14,2018-Q1,2018-02
2016-03-08,2016,1,3,March,8,2016-Q1,2016-03
2012-10-15,2012,4,10,October,15,2012-Q4,2012-10
2018-05-18,2018,2,5,May,18,2018-Q2,2018-05
2017-08-29,2017,3,8,August,29,2017-Q3,2017-08
2017-12-04,2017,4,12,December,4,2017-Q4,2017-12
2018-07-19,2018,3,7,July,19,2018-Q3,2018-07
2011-07-19,2011,3,7,July,19,2011-Q3,2011-07
2015-11-09,2015,4,11,November,9,2015-Q4,2015-11
2017-07-17,2017,3,7,July,17,2017-Q3,2017-07
2013-12-06,2013,4,12,December,6,2013-Q4,2013-12
2010-08-02,2010,3,8,August,2,2010-Q3,2010-08
2008-07-29,2008,3,7,July,29,2008-Q3,2008-07
2010-05-20,2010,2,5,May,20,2010-Q2,2010-05
2014-09-26,2014,3,9,September,26,2014-Q3,2014-09
2019-09-06,2019,3,9,September,6,2019-Q3,2019-09
2007-02-19,2007,1,2,February,19,2007-Q1,2007-02
2011-08-11,2011,3,8,August,11,2011-Q3,2011-08
2006-04-04,2006,2,4,April,4,2006-Q2,2006-04
1996-10-12,1996,4,10,October,12,1996-Q4,1996-10
2008-05-06,2008,2,5,May,6,2008-Q2,2008-05
2018-02-13,2018,1,2,February,13,2018-Q1,2018-02
2014-08-07,2014,3,8,August,7,2014-Q3,2014-08
2009-05-13,2009,2,5,May,13,2009-Q2,2009-05
2009-10-11,2009,4,10,October,11,2009-Q4,2009-10
2005-02-23,2005,1,2,February,23,2005-Q1,2005-02
2008-12-16,2008,4,12,December,16,2008-Q4,2008-12
2012-11-23,2012,4,11,November,23,2012-Q4,2012-11
2008-09-17,2008,3,9,September,17,2008-Q3,2008-09
1997-11-25,1997,4,11,November,25,1997-Q4,1997-11
2009-12-27,2009,4,12,December,27,2009-Q4,2009-12
2015-07-21,2015,3,7,July,21,2015-Q3,2015-07
2005-12-12,2005,4,12,December,12,2005-Q4,2005-12
2018-01-19,2018,1,1,January,19,2018-Q1,2018-01
2007-07-20,2007,3,7,July,20,2007-Q3,2007-07
1999-08-11,1999,3,8,August,11,1999-Q3,1999-08
2006-11-23,2006,4,11,November,23,2006-Q4,2006-11
2013-11-10,2013,4,11,November,10,2013-Q4,2013-11
2010-05-08,2010,2,5,May,8,2010-Q2,2010-05
2006-02-17,2006,1,2,February,17,2006-Q1,2006-02
2009-12-08,2009,4,12,December,8,2009-Q4,2009-12
2007-09-10,2007,3,9,September,10,2007-Q3,2007-09
2015-10-03,2015,4,10,October,3,2015-Q4,2015-10
2007-10-31,2007,4,10,October,31,2007-Q4,2007-10
2004-10-06,2004,4,10,October,6,2004-Q4,2004-10
2016-10-24,2016,4,10,October,24,2016-Q4,2016-10
1998-12-06,1998,4,12,December,6,1998-Q4,1998-12
2019-07-01,2019,3,7,July,1,2019-Q3,2019-07
2013-08-07,2013,3,8,August,7,2013-Q3,2013-08
2011-02-09,2011,1,2,February,9,2011-Q1,2011-02
2002-01-21,2002,1,1,January,21,2002-Q1,2002-01
2012-11-20,2012,4,11,November,20,2012-Q4,2012-11
1999-04-22,1999,2,4,April,22,1999-Q2,1999-04
2006-07-31,2006,3,7,July,31,2006-Q3,2006-07
2018-11-14,2018,4,11,November,14,2018-Q4,2018-11
2007-04-07,2007,2,4,April,7,2007-Q2,2007-04
2012-04-26,2012,2,4,April,26,2012-Q2,2012-04
2014-04-16,2014,2,4,April,16,2014-Q2,2014-04
2016-01-04,2016,1,1,January,4,2016-Q1,2016-01
2010-11-29,2010,4,11,November,29,2010-Q4,2010-11
2013-08-19,2013,3,8,August,19,2013-Q3,2013-08
2014-08-12,2014,3,8,August,12,2014-Q3,2014-08
2016-04-01,2016,2,4,April,1,2016-Q2,2016-04
2015-07-20,2015,3,7,July,20,2015-Q3,2015-07
2012-02-03,2012,1,2,February,3,2012-Q1,2012-02
2015-11-24,2015,4,11,November,24,2015-Q4,2015-11
2011-11-16,2011,4,11,November,16,2011-Q4,2011-11
2017-08-31,2017,3,8,August,31,2017-Q3,2017-08
2005-12-15,2005,4,12,December,15,2005-Q4,2005-12
2017-05-12,2017,2,5,May,12,2017-Q2,2017-05
1992-06-29,1992,2,6,June,29,1992-Q2,1992-06
1999-10-06,1999,4,10,October,6,1999-Q4,1999-10
1998-06-23,1998,2,6,June,23,1998-Q2,1998-06
2012-05-09,2012,2,5,May,9,2012-Q2,2012-05
2011-08-09,2011,3,8,August,9,2011-Q3,2011-08
1997-08-31,1997,3,8,August,31,1997-Q3,1997-08
1993-01-06,1993,1,1,January,6,1993-Q1,1993-01
2001-12-17,2001,4,12,December,17,2001-Q4,2001-12
2001-07-31,2001,3,7,July,31,2001-Q3,2001-07
2005-08-26,2005,3,8,August,26,2005-Q3,2005-08
1995-07-09,1995,3,7,July,9,1995-Q3,1995-07
1997-01-16,1997,1,1,January,16,1997-Q1,1997-01
1992-09-25,1992,3,9,September,25,1992-Q3,1992-09
2013-08-05,2013,3,8,August,5,2013-Q3,2013-08
2007-12-13,2007,4,12,December,13,2007-Q4,2007-12
2000-12-14,2000,4,12,December,14,2000-Q4,2000-12
2021-01-18,2021,1,1,January,18,2021-Q1,2021-01
2016-04-02,2016,2,4,April,2,2016-Q2,2016-04
2016-10-21,2016,4,10,October,21,2016-Q4,2016-10
1998-07-10,1998,3,7,July,10,1998-Q3,1998-07
1990-11-19,1990,4,11,November,19,1990-Q4,1990-11
1999-02-23,1999,1,2,February,23,1999-Q1,1999-02
2015-09-12,2015,3,9,September,12,2015-Q3,2015-09
2000-02-21,2000,1,2,February,21,2000-Q1,2000-02
2013-12-09,2013,4,12,December,9,2013-Q4,2013-12
1999-10-03,1999,4,10,October,3,1999-Q4,1999-10
2002-01-11,2002,1,1,January,11,2002-Q1,2002-01
1992-09-15,1992,3,9,September,15,1992-Q3,1992-09
1996-08-30,1996,3,8,August,30,1996-Q3,1996-08
2021-01-02,2021,1,1,January,2,2021-Q1,2021-01
2021-03-02,2021,1,3,March,2,2021-Q1,2021-03
2010-03-11,2010,1,3,March,11,2010-Q1,2010-03
2013-06-08,2013,2,6,June,8,2013-Q2,2013-06
2001-11-07,2001,4,11,November,7,2001-Q4,2001-11
2021-02-22,2021,1,2,February,22,2021-Q1,2021-02
2012-05-16,2012,2,5,May,16,2012-Q2,2012-05
2001-08-10,2001,3,8,August,10,2001-Q3,2001-08
1992-11-13,1992,4,11,November,13,1992-Q4,1992-11
2015-09-30,2015,3,9,September,30,2015-Q3,2015-09
2021-06-21,2021,2,6,June,21,2021-Q2,2021-06
2021-03-26,2021,1,3,March,26,2021-Q1,2021-03
2021-01-04,2021,1,1,January,4,2021-Q1,2021-01
2021-06-22,2021,2,6,June,22,2021-Q2,2021-06
2021-05-27,2021,2,5,May,27,2021-Q2,2021-05
2016-01-02,2016,1,1,January,2,2016-Q1,2016-01
2021-08-04,2021,3,8,August,4,2021-Q3,2021-08
2021-06-15,2021,2,6,June,15,2021-Q2,2021-06
2023-09-09,2023,3,9,September,9,2023-Q3,2023-09
2021-10-09,2021,4,10,October,9,2021-Q4,2021-10
2021-11-08,2021,4,11,November,8,2021-Q4,2021-11
2021-08-23,2021,3,8,August,23,2021-Q3,2021-08
2023-03-24,2023,1,3,March,24,2023-Q1,2023-03
2021-09-20,2021,3,9,September,20,2021-Q3,2021-09
2022-01-28,2022,1,1,January,28,2022-Q1,2022-01
2021-10-13,2021,4,10,October,13,2021-Q4,2021-10
2003-01-03,2003,1,1,January,3,2003-Q1,2003-01
2021-10-10,2021,4,10,October,10,2021-Q4,2021-10
2021-12-14,2021,4,12,December,14,2021-Q4,2021-12
2021-08-12,2021,3,8,August,12,2021-Q3,2021-08
2010-08-20,2010,3,8,August,20,2010-Q3,2010-08
1998-12-11,1998,4,12,December,11,1998-Q4,1998-12
2016-04-10,2016,2,4,April,10,2016-Q2,2016-04
2014-10-22,2014,4,10,October,22,2014-Q4,2014-10
2021-12-28,2021,4,12,December,28,2021-Q4,2021-12
1999-09-07,1999,3,9,September,7,1999-Q3,1999-09
2006-05-23,2006,2,5,May,23,2006-Q2,2006-05
2022-01-18,2022,1,1,January,18,2022-Q1,2022-01
2001-08-08,2001,3,8,August,8,2001-Q3,2001-08
2022-12-05,2022,4,12,December,5,2022-Q4,2022-12
2022-03-21,2022,1,3,March,21,2022-Q1,2022-03
2016-06-01,2016,2,6,June,1,2016-Q2,2016-06
2022-03-28,2022,1,3,March,28,2022-Q1,2022-03
2022-08-01,2022,3,8,August,1,2022-Q3,2022-08
2022-02-04,2022,1,2,February,4,2022-Q1,2022-02
2022-08-12,2022,3,8,August,12,2022-Q3,2022-08
2022-01-08,2022,1,1,January,8,2022-Q1,2022-01
2022-04-22,2022,2,4,April,22,2022-Q2,2022-04
2022-08-29,2022,3,8,August,29,2022-Q3,2022-08
2022-09-25,2022,3,9,September,25,2022-Q3,2022-09
2023-03-06,2023,1,3,March,6,2023-Q1,2023-03
2022-10-09,2022,4,10,October,9,2022-Q4,2022-10
2022-11-24,2022,4,11,November,24,2022-Q4,2022-11
2024-09-17,2024,3,9,September,17,2024-Q3,2024-09
2022-10-11,2022,4,10,October,11,2022-Q4,2022-10
2024-01-26,2024,1,1,January,26,2024-Q1,2024-01
2022-10-13,2022,4,10,October,13,2022-Q4,2022-10
2024-09-18,2024,3,9,September,18,2024-Q3,2024-09
2023-05-07,2023,2,5,May,7,2023-Q2,2023-05
2022-11-28,2022,4,11,November,28,2022-Q4,2022-11
2023-01-16,2023,1,1,January,16,2023-Q1,2023-01
2023-06-07,2023,2,6,June,7,2023-Q2,2023-06
2023-02-25,2023,1,2,February,25,2023-Q1,2023-02
2024-09-07,2024,3,9,September,7,2024-Q3,2024-09
2023-08-19,2023,3,8,August,19,2023-Q3,2023-08
2023-01-14,2023,1,1,January,14,2023-Q1,2023-01
2023-08-24,2023,3,8,August,24,2023-Q3,2023-08
2023-02-19,2023,1,2,February,19,2023-Q1,2023-02
2023-07-07,2023,3,7,July,7,2023-Q3,2023-07
2002-02-25,2002,1,2,February,25,2002-Q1,2002-02
2023-11-03,2023,4,11,November,3,2023-Q4,2023-11
2023-09-06,2023,3,9,September,6,2023-Q3,2023-09
2024-02-14,2024,1,2,February,14,2024-Q1,2024-02
2024-01-07,2024,1,1,January,7,2024-Q1,2024-01
2023-08-27,2023,3,8,August,27,2023-Q3,2023-08
2024-01-17,2024,1,1,January,17,2024-Q1,2024-01
2024-02-27,2024,1,2,February,27,2024-Q1,2024-02
2023-01-12,2023,1,1,January,12,2023-Q1,2023-01
2023-09-26,2023,3,9,September,26,2023-Q3,2023-09
2024-02-03,2024,1,2,February,3,2024-Q1,2024-02
2023-10-09,2023,4,10,October,9,2023-Q4,2023-10
2024-04-19,2024,2,4,April,19,2024-Q2,2024-04
2024-07-02,2024,3,7,July,2,2024-Q3,2024-07
2024-03-26,2024,1,3,March,26,2024-Q1,2024-03
2024-02-29,2024,1,2,February,29,2024-Q1,2024-02
2024-08-23,2024,3,8,August,23,2024-Q3,2024-08
2023-04-11,2023,2,4,April,11,2023-Q2,2023-04
2025-01-09,2025,1,1,January,9,2025-Q1,2025-01
2024-03-18,2024,1,3,March,18,2024-Q1,2024-03
2024-07-18,2024,3,7,July,18,2024-Q3,2024-07
